#,League,Team,Name,Big chances created,Assists,Accurate passes,Accurate passes %,Key passes,Average Sofascore rating
1,La Liga,FC Barcelona,Lamine Yamal,26,11,1094,81.1,73,7.93
2,La Liga,Real Madrid,Arda Güler,14,9,1216,90.68,70,7.19
3,La Liga,FC Barcelona,Fermín López,15,9,725,87.14,34,7.1
4,La Liga,Getafe,Luis Milla,11,9,964,77.55,74,7.03
5,La Liga,FC Barcelona,Pedri,8,8,1681,91.31,58,7.58
6,La Liga,Real Betis,Abdessamad Ezzalzouli,11,8,580,79.34,28,7.32
7,La Liga,Real Madrid,Federico Valverde,8,8,1627,89.94,43,7.31
8,La Liga,FC Barcelona,Dani Olmo,9,7,940,85.77,44,7.06
9,La Liga,FC Barcelona,Marcus Rashford,7,7,564,84.56,42,6.86
10,La Liga,Villarreal,Nicolas Pépé,12,6,661,81.81,53,7.23
11,La Liga,Real Betis,Antony,9,6,861,81.53,50,7.2
12,La Liga,Espanyol,Edu Expósito,11,6,711,76.78,75,7.07
13,La Liga,Atlético Madrid,Giuliano Simeone,9,6,744,81.85,31,6.92
14,La Liga,Villarreal,Santi Comesaña,3,6,971,82.99,26,6.87
15,La Liga,Real Madrid,Vinicius Júnior,6,5,885,83.89,65,7.55
16,La Liga,FC Barcelona,Frenkie de Jong,9,5,1383,94.21,32,7.31
17,La Liga,Real Betis,Pablo Fornals,10,5,1448,86.45,83,7.09
18,La Liga,Athletic Club,Yuri Berchiche,5,5,1178,87.39,27,6.95
19,La Liga,Villarreal,Georges Mikautadze,7,5,268,74.03,25,6.92
20,La Liga,Elche,Álvaro Rodriguez,7,5,314,64.08,33,6.91
21,La Liga,Mallorca,Sergi Darder,12,5,846,84.01,57,6.91
22,La Liga,Real Sociedad,Ander Barrenetxea,11,5,570,80.17,44,6.86
23,La Liga,Celta Vigo,Javier Rueda,6,5,354,75.48,12,6.82
24,La Liga,Osasuna,Rubén García,7,5,603,79.34,38,6.81
25,La Liga,Valencia,Luis Rioja,6,5,604,79.79,33,6.81
26,La Liga,Elche,Martim Neto,4,5,529,87.87,25,6.8
27,La Liga,Rayo Vallecano,Álvaro García,15,5,351,68.29,42,6.77
28,La Liga,Sevilla,Ruben Vargas,4,5,353,71.31,23,6.75
29,La Liga,Celta Vigo,Williot Swedberg,4,5,204,76.98,10,6.73
30,La Liga,Valencia,Javier Guerra,5,5,729,81.45,25,6.69
31,La Liga,Real Madrid,Brahim Díaz,5,5,393,89.93,24,6.65
32,La Liga,Real Madrid,Kylian Mbappé,8,4,795,86.7,63,7.63
33,La Liga,Real Madrid,Jude Bellingham,4,4,929,89.5,36,7.25
34,La Liga,Real Sociedad,Takefusa Kubo,7,4,380,79.17,32,7.06
35,La Liga,Elche,Germán Valera,13,4,946,87.76,43,6.97
36,La Liga,Atlético Madrid,Marcos Llorente,9,4,1213,89.39,19,6.96
37,La Liga,Atlético Madrid,Julián Alvarez,10,4,575,83.45,47,6.96
38,La Liga,Girona FC,Viktor Tsygankov,4,4,728,82.54,43,6.94
39,La Liga,Celta Vigo,Óscar Mingueza,6,4,1010,84.8,29,6.93
40,La Liga,Real Sociedad,Gonçalo Guedes,6,4,418,74.91,25,6.91
41,La Liga,Villarreal,Alberto Moleiro,8,4,548,78.29,35,6.9
42,La Liga,Osasuna,Jon Moncayola,9,4,1037,80.26,34,6.86
43,La Liga,Real Madrid,Trent Alexander-Arnold,3,4,635,85.81,24,6.85
44,La Liga,Levante UD,Pablo Martínez,9,4,455,76.99,28,6.84
45,La Liga,Real Sociedad,Sergio Gómez,13,4,1239,86.95,43,6.81
46,La Liga,Villarreal,Sergi Cardona,4,4,555,80.79,19,6.76
47,La Liga,Espanyol,Tyrhys Dolan,6,4,445,83.18,30,6.74
48,La Liga,Mallorca,Johan Mojica,6,4,926,79.42,34,6.71
49,La Liga,Levante UD,Etta Eyong,4,4,191,68.95,14,6.68
50,La Liga,Real Oviedo,Thiago Fernández,4,4,165,82.91,10,6.66
51,La Liga,Mallorca,Jan Virgili,7,4,281,75.95,25,6.65
52,La Liga,Athletic Club,Iñaki Williams,5,4,311,71.33,19,6.58
53,La Liga,Deportivo Alavés,Carles Aleñá,6,4,725,85.29,38,6.56
54,La Liga,FC Barcelona,Raphinha,11,3,485,81.79,41,7.45
55,La Liga,Real Sociedad,Mikel Oyarzabal,12,3,561,76.74,40,7.07
56,La Liga,Real Betis,Giovani Lo Celso,6,3,691,88.25,28,7.01
57,La Liga,Atlético Madrid,Alex Baena,13,3,536,81.09,42,7.0
58,La Liga,Deportivo Alavés,Toni Martínez,6,3,367,59.58,24,7.0
59,La Liga,Real Sociedad,Carlos Soler,8,3,940,87.04,44,7.0
60,La Liga,Athletic Club,Nico Williams,5,3,431,77.66,34,6.98
61,La Liga,Real Madrid,Rodrygo,7,3,294,90.74,17,6.92
62,La Liga,FC Barcelona,Jules Koundé,6,3,1616,91.25,22,6.91
63,La Liga,Rayo Vallecano,Andrei Rațiu,10,3,998,82.34,41,6.88
64,La Liga,Celta Vigo,Iago Aspas,7,3,442,78.37,29,6.87
65,La Liga,Celta Vigo,Ferran Jutglà,2,3,288,76.6,14,6.86
66,La Liga,Real Betis,Cucho Hernández,8,3,437,71.64,31,6.85
67,La Liga,Valencia,Filip Ugrinić,5,3,493,84.13,20,6.83
68,La Liga,Real Oviedo,Haissem Hassan,2,3,355,80.32,19,6.83
69,La Liga,Real Sociedad,Beñat Turrientes,1,3,519,85.79,11,6.81
70,La Liga,Elche,Josan,4,3,217,89.3,21,6.8
71,La Liga,Levante UD,Jon Ander Olasagasti,4,3,452,75.46,30,6.79
72,La Liga,Real Betis,Héctor Bellerín,5,3,756,87.6,22,6.78
73,La Liga,Rayo Vallecano,Unai López,2,3,805,86.37,29,6.78
74,La Liga,Atlético Madrid,Matteo Ruggeri,5,3,690,87.01,25,6.77
75,La Liga,Sevilla,Djibril Sow,2,3,719,88.44,19,6.77
76,La Liga,Mallorca,Pablo Torre,3,3,591,84.55,29,6.77
77,La Liga,Villarreal,Alfonso Pedraza,6,3,414,78.26,20,6.77
78,La Liga,Real Sociedad,Jon Gorrotxategi,2,3,1111,86.86,18,6.74
79,La Liga,Rayo Vallecano,Isi Palazón,9,3,719,82.45,39,6.73
80,La Liga,Sevilla,Oso,3,3,284,74.93,18,6.72
81,La Liga,Sevilla,Akor Adams,1,3,206,64.38,10,6.68
82,La Liga,Villarreal,Ayoze Pérez,2,3,163,75.46,14,6.68
83,La Liga,Deportivo Alavés,Ángel Pérez,2,3,302,74.94,21,6.68
84,La Liga,Deportivo Alavés,Abderrahman Rebbach,7,3,322,80.3,26,6.67
85,La Liga,Sevilla,Juanlu Sánchez,5,3,622,83.49,21,6.66
86,La Liga,Mallorca,Mateo Joseph,3,3,246,81.46,14,6.66
87,La Liga,Sevilla,José Ángel Carmona,3,3,854,80.57,17,6.64
88,La Liga,Girona FC,Álex Moreno,5,3,756,83.26,11,6.64
89,La Liga,Athletic Club,Álex Berenguer,7,3,536,77.01,48,6.63
90,La Liga,Espanyol,Roberto Fernández,6,3,230,69.91,17,6.6
91,La Liga,Girona FC,Bryan Gil,6,3,391,84.27,19,6.56
92,La Liga,Athletic Club,Gorka Guruzeta,7,3,311,67.9,24,6.54
93,La Liga,Levante UD,Jeremy Toljan,10,3,805,76.96,26,6.54
94,La Liga,Deportivo Alavés,Victor Parada,3,3,592,82.11,14,6.45
95,La Liga,Real Madrid,Dean Huijsen,1,2,1410,89.81,10,7.31
96,La Liga,Girona FC,Azzedine Ounahi,9,2,647,86.04,26,7.2
97,La Liga,FC Barcelona,João Cancelo,5,2,395,87.0,13,7.18
98,La Liga,Elche,Aleix Febas,3,2,1672,89.75,27,7.18
99,La Liga,Atlético Madrid,Koke,3,2,1579,92.12,30,7.14
100,La Liga,FC Barcelona,Eric García,3,2,1944,91.87,30,7.09
101,La Liga,Villarreal,Pape Gueye,3,2,771,80.48,24,7.08
102,La Liga,Real Madrid,Álvaro Carreras,1,2,1424,90.53,27,7.03
103,La Liga,Celta Vigo,Hugo Sotelo,5,2,861,91.99,26,7.01
104,La Liga,Villarreal,Santiago Mouriño,1,2,929,83.47,7,6.98
105,La Liga,Athletic Club,Iñigo Ruiz de Galarreta,6,2,921,82.38,24,6.98
106,La Liga,Real Betis,Sergi Altimira,0,2,693,91.42,11,6.98
107,La Liga,Mallorca,Samú Costa,1,2,929,79.4,14,6.97
108,La Liga,Osasuna,Alejandro Catena,2,2,1302,85.32,10,6.96
109,La Liga,Espanyol,Carlos Romero,5,2,714,79.07,24,6.92
110,La Liga,Celta Vigo,Alvaro Núñez,6,2,1117,91.41,22,6.91
111,La Liga,Real Sociedad,Brais Méndez,5,2,683,81.31,24,6.9
112,La Liga,Osasuna,Moi Gómez,4,2,675,88.47,16,6.9
113,La Liga,Deportivo Alavés,Antonio Blanco,1,2,1494,85.91,18,6.89
114,La Liga,Elche,Pedro Bigas,4,2,1258,89.41,13,6.88
115,La Liga,Atlético Madrid,Antoine Griezmann,6,2,511,82.55,26,6.87
116,La Liga,Girona FC,Alejandro Francés,2,2,452,81.29,9,6.86
117,La Liga,Levante UD,Kervin Arriaga,2,2,525,83.33,4,6.86
118,La Liga,Girona FC,Axel Witsel,2,2,1213,91.27,17,6.85
119,La Liga,Getafe,Juan Iglesias,2,2,495,64.71,16,6.85
120,La Liga,Atlético Madrid,Dávid Hancko,4,2,1168,87.62,13,6.83
121,La Liga,Real Betis,Aitor Ruibal,3,2,577,82.66,19,6.83
122,La Liga,Girona FC,Arnau Martínez,6,2,1095,85.61,19,6.83
123,La Liga,Osasuna,Aimar Oroz,4,2,638,80.05,34,6.83
124,La Liga,Mallorca,Omar Mascarell,2,2,852,85.71,8,6.82
125,La Liga,Elche,Marc Aguado,0,2,1078,90.89,8,6.82
126,La Liga,Rayo Vallecano,Josep Chavarría,5,2,981,84.42,25,6.81
127,La Liga,FC Barcelona,Robert Lewandowski,4,2,216,80.3,12,6.8
128,La Liga,Celta Vigo,Borja Iglesias,3,2,318,74.13,17,6.8
129,La Liga,Sevilla,Lucien Agoumé,7,2,985,80.74,27,6.8
130,La Liga,Mallorca,Zito Luvumbo,2,2,35,67.31,9,6.8
131,La Liga,Osasuna,Victor Muñoz,2,2,478,80.2,26,6.79
132,La Liga,Valencia,Arnaut Danjuma,6,2,304,77.55,17,6.77
133,La Liga,Atlético Madrid,Nahuel Molina,6,2,563,80.54,21,6.77
134,La Liga,FC Barcelona,Alejandro Balde,4,2,982,92.12,22,6.75
135,La Liga,Osasuna,Abel Bretones,2,2,348,76.15,11,6.74
136,La Liga,Celta Vigo,Ilaix Moriba,4,2,845,88.11,15,6.74
137,La Liga,Getafe,Abdel Abqar,3,2,271,71.32,4,6.73
138,La Liga,Getafe,Mauro Arambarri,1,2,505,74.26,17,6.7
139,La Liga,Osasuna,Raúl Moro,2,2,117,76.47,11,6.7
140,La Liga,Espanyol,Omar El Hilali,3,2,942,80.79,17,6.7
141,La Liga,Deportivo Alavés,Denis Suárez,2,2,643,86.31,20,6.69
142,La Liga,Elche,Hector Fort,0,2,111,82.84,4,6.65
143,La Liga,Espanyol,Cyril Ngonge,4,2,91,74.59,8,6.63
144,La Liga,Valencia,Umar Sadiq,3,2,115,68.86,10,6.63
145,La Liga,Sevilla,Alexis Sánchez,1,2,304,75.06,24,6.62
146,La Liga,Real Oviedo,Ilyas Chaira,3,2,505,84.17,16,6.62
147,La Liga,Rayo Vallecano,Gerard Gumbau,3,2,328,83.46,18,6.62
148,La Liga,Osasuna,Kike Barja,0,2,67,69.79,8,6.6
149,La Liga,Valencia,Lucas Beltrán,4,2,306,78.26,13,6.59
150,La Liga,Celta Vigo,Pablo Durán,3,2,238,71.47,10,6.58
151,La Liga,Valencia,José Luis Gayà,3,2,729,83.31,24,6.58
152,La Liga,Levante UD,Manuel Sánchez,2,2,704,81.48,16,6.54
153,La Liga,Villarreal,Tani Oluwaseyi,3,2,66,62.86,5,6.52
154,La Liga,Real Madrid,Éder Militão,2,1,697,90.87,8,7.27
155,La Liga,Real Oviedo,Aarón Escandell,1,1,773,66.7,2,7.25
156,La Liga,Getafe,Christantus Uche,1,1,27,62.79,4,7.2
157,La Liga,Atlético Madrid,Marc Pubill,1,1,720,88.13,3,7.19
158,La Liga,Villarreal,Yéremy Pino,2,1,73,82.95,7,7.1
159,La Liga,Mallorca,Vedat Muriqi,2,1,407,63.59,17,7.09
160,La Liga,Atlético Madrid,Pablo Barrios,3,1,936,88.97,20,7.02
161,La Liga,Real Madrid,Daniel Yañez,1,1,12,85.71,2,7.0
162,La Liga,Rayo Vallecano,Florian Lejeune,2,1,1675,87.19,16,6.99
163,La Liga,Real Oviedo,Federico Viñas,4,1,333,71.31,25,6.96
164,La Liga,Mallorca,Antonio Raíllo,1,1,994,88.28,7,6.95
165,La Liga,Mallorca,Pablo Maffeo,1,1,613,75.87,17,6.95
166,La Liga,Levante UD,Iván Romero,5,1,365,73.0,24,6.94
167,La Liga,Levante UD,Adrián de la Fuente,3,1,1102,81.63,17,6.94
168,La Liga,Rayo Vallecano,Jorge de Frutos,3,1,269,77.52,26,6.93
169,La Liga,Atlético Madrid,José María Giménez,1,1,723,90.15,1,6.93
170,La Liga,Elche,David Affengruber,2,1,1666,87.68,8,6.92
171,La Liga,Valencia,André Almeida,4,1,505,90.18,17,6.92
172,La Liga,Athletic Club,Aymeric Laporte,1,1,1002,89.62,7,6.92
173,La Liga,Sevilla,César Azpilicueta,1,1,534,87.83,2,6.9
174,La Liga,FC Barcelona,Marc Bernal,2,1,368,92.93,5,6.89
175,La Liga,FC Barcelona,Pablo Gavi,0,1,232,93.55,5,6.89
176,La Liga,Girona FC,Vitor Reis,2,1,1566,91.21,8,6.87
177,La Liga,Celta Vigo,Bryan Zaragoza,4,1,259,77.54,18,6.86
178,La Liga,FC Barcelona,Ferran Torres,3,1,305,76.44,21,6.85
179,La Liga,Valencia,Largie Ramazani,3,1,223,74.58,15,6.85
180,La Liga,Osasuna,Javi Galán,2,1,696,83.86,23,6.85
181,La Liga,Girona FC,Iván Martín,2,1,1099,88.63,19,6.84
182,La Liga,Valencia,Baptiste Santamaria,2,1,332,81.98,4,6.83
183,La Liga,Atlético Madrid,Obed Vargas,0,1,183,82.43,3,6.82
184,La Liga,Sevilla,Chidera Ejuke,1,1,285,83.82,12,6.82
185,La Liga,Atlético Madrid,Robin Le Normand,1,1,877,90.04,2,6.82
186,La Liga,Villarreal,Manor Solomon,1,1,42,85.71,2,6.82
187,La Liga,Villarreal,Tajon Buchanan,5,1,363,81.21,17,6.82
188,La Liga,Celta Vigo,Hugo Álvarez,4,1,484,86.58,23,6.81
189,La Liga,Real Betis,Marc Roca,3,1,867,87.66,18,6.81
190,La Liga,Levante UD,Carlos Álvarez,6,1,531,80.95,40,6.81
191,La Liga,Girona FC,Claudio Echeverri,2,1,162,88.04,7,6.81
192,La Liga,Osasuna,Enzo Boyomo,2,1,1002,85.71,8,6.81
193,La Liga,Atlético Madrid,Clément Lenglet,2,1,748,87.49,4,6.81
194,La Liga,Celta Vigo,Sergio Carreira,0,1,1171,85.85,16,6.8
195,La Liga,Sevilla,Gabriel Suazo,5,1,747,83.65,36,6.8
196,La Liga,Atlético Madrid,Thiago Almada,3,1,570,86.49,26,6.8
197,La Liga,Sevilla,Peque Fernández,0,1,277,80.52,15,6.8
198,La Liga,Levante UD,Víctor García,2,1,204,74.45,14,6.79
199,La Liga,Real Betis,Isco,1,1,66,88.0,3,6.78
200,La Liga,Real Sociedad,Luka Sučić,0,1,303,80.16,8,6.78
201,La Liga,Real Oviedo,Santiago Colombatto,3,1,775,85.73,23,6.78
202,La Liga,Real Oviedo,Santi Cazorla,2,1,363,86.84,22,6.78
203,La Liga,Deportivo Alavés,Lucas Boyé,5,1,286,72.96,25,6.78
204,La Liga,Celta Vigo,Javi Rodríguez,2,1,1493,90.48,9,6.77
205,La Liga,Getafe,Martín Satriano,5,1,197,64.38,12,6.77
206,La Liga,Espanyol,Clemens Riedel,0,1,596,88.43,4,6.76
207,La Liga,Real Oviedo,Lucas Ahijado,2,1,290,79.45,8,6.74
208,La Liga,Girona FC,Joel Roca,1,1,267,83.44,12,6.74
209,La Liga,Girona FC,Thomas Lemar,1,1,529,87.87,20,6.73
210,La Liga,Sevilla,Neal Maupay,0,1,129,80.63,12,6.73
211,La Liga,FC Barcelona,Marc Casadó,0,1,739,91.12,11,6.73
212,La Liga,Osasuna,Lucas Torró,1,1,686,74.81,12,6.72
213,La Liga,FC Barcelona,Roony Bardghji,3,1,270,88.52,14,6.72
214,La Liga,Athletic Club,Alejandro Rego Mora,1,1,381,80.89,10,6.71
215,La Liga,Levante UD,Oriol Rey,0,1,480,87.27,10,6.71
216,La Liga,Elche,Tete Morente,2,1,195,75.58,9,6.71
217,La Liga,Athletic Club,Jesús Areso,3,1,468,83.42,22,6.7
218,La Liga,Levante UD,José Luis Morales,2,1,95,74.8,7,6.7
219,La Liga,Deportivo Alavés,Pablo Ibáñez,1,1,844,85.95,19,6.69
220,La Liga,Girona FC,Hugo Rincón,2,1,619,82.75,10,6.69
221,La Liga,Osasuna,Jorge Herrando,1,1,598,86.42,2,6.69
222,La Liga,Espanyol,Rubén Sánchez,2,1,192,73.56,8,6.68
223,La Liga,Real Oviedo,Alberto Reina,6,1,751,85.54,32,6.68
224,La Liga,Real Betis,Ricardo Rodríguez,1,1,501,84.49,7,6.68
225,La Liga,Levante UD,Iker Losada,1,1,151,72.95,10,6.68
226,La Liga,Athletic Club,Robert Navarro,3,1,264,80.0,18,6.67
227,La Liga,Real Madrid,Fran García,0,1,329,89.89,5,6.66
228,La Liga,Getafe,Borja Mayoral,1,1,208,80.62,4,6.65
229,La Liga,Espanyol,Kike García,4,1,241,65.85,19,6.65
230,La Liga,Osasuna,Valentin Rosier,3,1,751,80.58,13,6.65
231,La Liga,Rayo Vallecano,Ilias Akhomach,3,1,217,84.11,13,6.65
232,La Liga,Girona FC,Vladyslav Vanat,3,1,213,78.02,12,6.64
233,La Liga,Espanyol,Urko González,0,1,698,80.88,11,6.64
234,La Liga,Espanyol,Pol Lozano,2,1,767,87.36,23,6.64
235,La Liga,Real Betis,Cédric Bakambu,2,1,64,75.29,4,6.64
236,La Liga,Deportivo Alavés,Youssef Enriquez,4,1,420,79.4,16,6.64
237,La Liga,Getafe,Ismael Bekhoucha,1,1,12,63.16,1,6.63
238,La Liga,Real Oviedo,Javi López,2,1,516,79.88,17,6.63
239,La Liga,Deportivo Alavés,Ander Guevara,2,1,369,82.37,6,6.63
240,La Liga,Real Sociedad,Igor Zubeldia,1,1,900,87.38,5,6.62
241,La Liga,Getafe,Domingos Duarte,1,1,580,75.92,1,6.62
242,La Liga,Real Betis,Rodrigo Riquelme,1,1,254,83.28,14,6.61
243,La Liga,Espanyol,Ramón Terrats,3,1,188,77.05,15,6.6
244,La Liga,Elche,Alex Sanchez,0,1,4,66.67,1,6.6
245,La Liga,Athletic Club,Andoni Gorosabel,0,1,387,85.62,10,6.6
246,La Liga,Real Madrid,Gonzalo García,2,1,167,83.08,9,6.59
247,La Liga,Mallorca,Marc Domenech,1,1,19,59.38,2,6.59
248,La Liga,Valencia,Dani Raba,1,1,98,80.33,2,6.58
249,La Liga,Rayo Vallecano,Fran Pérez,3,1,226,82.48,13,6.58
250,La Liga,Atlético Madrid,Julio Díaz,1,1,124,89.21,6,6.58
251,La Liga,Atlético Madrid,Rodrigo Mendoza,2,1,547,85.6,15,6.57
252,La Liga,Rayo Vallecano,Pedro Díaz,3,1,577,86.12,22,6.56
253,La Liga,Real Betis,Junior Firpo,2,1,271,84.42,8,6.56
254,La Liga,Getafe,Kiko Femenía,2,1,465,77.37,17,6.56
255,La Liga,Athletic Club,Unai Gómez,0,1,146,74.11,8,6.54
256,La Liga,Mallorca,Toni Lato,1,1,143,81.25,4,6.54
257,La Liga,Valencia,Thierry Correia,2,1,524,81.75,11,6.53
258,La Liga,Levante UD,Kareem Tunde,1,1,156,78.0,6,6.52
259,La Liga,Levante UD,Alan Matturro,2,1,391,82.49,4,6.52
260,La Liga,Getafe,Mario Martín,1,1,369,73.8,8,6.52
261,La Liga,Elche,Adrià Pedrosa,4,1,344,83.9,23,6.5
262,La Liga,Atlético Madrid,Giacomo Raspadori,2,1,72,79.12,4,6.49
263,La Liga,Athletic Club,Selton Sanchez,0,1,42,66.67,4,6.49
264,La Liga,Real Sociedad,Pablo Marín,2,1,271,78.78,10,6.48
265,La Liga,Real Oviedo,Álex Forés,0,1,37,68.52,1,6.46
266,La Liga,Getafe,Álex Sancris,1,1,126,68.85,8,6.46
267,La Liga,Real Oviedo,Oier Luengo,0,1,78,88.64,1,6.43
268,La Liga,Levante UD,Roger Brugué,2,1,194,81.86,7,6.36
269,La Liga,Osasuna,Aitor Fernández,0,0,12,50.0,0,8.4
270,La Liga,Levante UD,Pablo Cuñat,0,0,29,50.88,0,7.75
271,La Liga,Atlético Madrid,Iker Luque,0,0,6,85.71,0,7.5
272,La Liga,Elche,Matías Dituro,0,0,774,75.88,3,7.45
273,La Liga,Rayo Vallecano,Dani Cárdenas,0,0,61,65.59,0,7.43
274,La Liga,FC Barcelona,Joan García,0,0,716,89.61,0,7.35
275,La Liga,Real Madrid,Aurélien Tchouaméni,4,0,1591,91.44,23,7.24
276,La Liga,Getafe,David Soria,0,0,443,44.04,1,7.21
277,La Liga,Sevilla,Dodi Lukebakio,1,0,62,86.11,9,7.2
278,La Liga,Levante UD,Mathew Ryan,0,0,756,71.12,0,7.2
279,La Liga,Elche,Iñaki Peña,1,0,658,74.02,3,7.19
280,La Liga,FC Barcelona,Pau Cubarsí,1,0,2497,94.83,5,7.18
281,La Liga,FC Barcelona,Wojciech Szczęsny,0,0,152,82.16,0,7.17
282,La Liga,Villarreal,Juan Foyth,0,0,507,89.73,0,7.15
283,La Liga,Villarreal,Gerard Moreno,4,0,399,78.24,22,7.12
284,La Liga,Girona FC,Vladyslav Krapyvtsov,0,0,25,64.1,0,7.1
285,La Liga,Valencia,Guido Rodríguez,1,0,468,87.31,7,7.09
286,La Liga,Real Madrid,Andriy Lunin,0,0,183,87.56,0,7.08
287,La Liga,Valencia,Stole Dimitrievski,0,0,323,63.58,0,7.08
288,La Liga,Real Betis,Pau López,0,0,187,76.64,0,7.08
289,La Liga,Espanyol,Marko Dmitrović,0,0,505,54.48,1,7.07
290,La Liga,Girona FC,Paulo Gazzaniga,0,0,686,66.47,0,7.07
291,La Liga,Mallorca,Leo Román,0,0,722,70.78,0,7.07
292,La Liga,Mallorca,Lucas Bergström,0,0,78,53.79,0,7.06
293,La Liga,Villarreal,Rafa Marín,1,0,909,90.18,5,7.05
294,La Liga,Real Sociedad,Álvaro Odriozola,2,0,24,85.71,3,7.05
295,La Liga,Real Betis,Diego Llorente,0,0,562,90.06,1,7.05
296,La Liga,Celta Vigo,Marcos Alonso,3,0,1931,90.11,13,7.04
297,La Liga,FC Barcelona,Gerard Martín,1,0,1521,91.02,13,7.04
298,La Liga,Real Oviedo,Eric Bailly,0,0,428,85.09,1,7.03
299,La Liga,Valencia,Pepelu,1,0,1099,86.81,20,7.03
300,La Liga,Celta Vigo,Ionuț Radu,1,0,599,68.69,1,7.01
301,La Liga,Osasuna,Sergio Herrera,0,0,686,69.29,0,7.01
302,La Liga,Atlético Madrid,Jan Oblak,0,0,623,73.29,0,7.0
303,La Liga,Villarreal,Adrià Altimira,0,0,8,100.0,0,7.0
304,La Liga,Real Betis,Álvaro Valles,0,0,584,72.19,0,7.0
305,La Liga,Real Madrid,Eduardo Camavinga,2,0,874,91.42,13,7.0
306,La Liga,Villarreal,Luiz Júnior,0,0,431,69.4,0,6.99
307,La Liga,Rayo Vallecano,Augusto Batalla,0,0,718,63.88,2,6.99
308,La Liga,Real Betis,Sofyan Amrabat,0,0,736,91.09,7,6.99
309,La Liga,Villarreal,Arnau Tenas,0,0,113,57.65,0,6.99
310,La Liga,Sevilla,Kike Salas,0,0,996,80.13,6,6.98
311,La Liga,Rayo Vallecano,Pathé Ismaël Ciss,0,0,911,88.96,11,6.98
312,La Liga,Real Madrid,Raúl Asencio,0,0,912,94.21,4,6.97
313,La Liga,Real Betis,Marc Bartra,0,0,1008,86.52,5,6.97
314,La Liga,Elche,Gonzalo Villar,0,0,255,91.07,2,6.97
315,La Liga,Real Sociedad,Álex Remiro,0,0,930,71.93,3,6.96
316,La Liga,Sevilla,Odysseas Vlachodimos,0,0,584,63.34,0,6.96
317,La Liga,Girona FC,Daley Blind,1,0,1883,89.37,11,6.95
318,La Liga,Atlético Madrid,Miguel Llorente,0,0,1,33.33,0,6.95
319,La Liga,Deportivo Alavés,Carlos Vicente,7,0,378,80.08,27,6.95
320,La Liga,Celta Vigo,Miguel Román,4,0,656,87.7,17,6.95
321,La Liga,Deportivo Alavés,Antonio Sivera,0,0,463,49.84,0,6.95
322,La Liga,Sevilla,Andres Castrin,0,0,618,86.07,2,6.94
323,La Liga,Real Madrid,Dani Ceballos,0,0,406,92.69,9,6.94
324,La Liga,Osasuna,Iker Benito,0,0,61,81.33,2,6.93
325,La Liga,Real Madrid,Thibaut Courtois,1,0,667,79.59,1,6.92
326,La Liga,Valencia,Julen Agirrezabala,0,0,344,69.64,1,6.91
327,La Liga,Real Madrid,Antonio Rüdiger,1,0,975,92.95,3,6.91
328,La Liga,Osasuna,Ante Budimir,1,0,218,60.56,12,6.91
329,La Liga,Villarreal,Willy Kambwala,0,0,8,100.0,0,6.9
330,La Liga,Atlético Madrid,Nicolás González,3,0,406,76.03,12,6.9
331,La Liga,Athletic Club,Unai Simón,0,0,603,58.77,1,6.89
332,La Liga,FC Barcelona,Ronald Araújo,1,0,696,91.58,3,6.89
333,La Liga,Atlético Madrid,Juan Musso,0,0,126,78.75,0,6.88
334,La Liga,Real Oviedo,Dani Calvo,1,0,611,90.25,2,6.86
335,La Liga,Levante UD,Carlos Espí,0,0,110,63.22,6,6.86
336,La Liga,Elche,Adam Boayar,0,0,34,87.18,2,6.86
337,La Liga,Celta Vigo,Carl Starfelt,0,0,973,95.86,1,6.86
338,La Liga,Villarreal,Dani Parejo,3,0,677,87.24,23,6.86
339,La Liga,Elche,Lucas Cepeda,0,0,131,83.97,6,6.86
340,La Liga,Levante UD,Ugo Raghouber,0,0,268,84.54,3,6.85
341,La Liga,Atlético Madrid,Johnny Cardoso,1,0,441,88.38,3,6.84
342,La Liga,Elche,Víctor Chust,0,0,1284,90.61,5,6.84
343,La Liga,Athletic Club,Yeray Álvarez,0,0,122,87.77,1,6.83
344,La Liga,Real Betis,Álvaro Fidalgo,0,0,257,92.78,4,6.83
345,La Liga,Girona FC,Fran Beltrán,2,0,850,91.69,10,6.83
346,La Liga,Villarreal,Alexander Freeman,0,0,147,90.74,1,6.83
347,La Liga,Levante UD,Matias Moreno,1,0,832,85.51,8,6.82
348,La Liga,Espanyol,Fernando Calero,1,0,1013,88.24,3,6.82
349,La Liga,Elche,André Silva,1,0,368,80.0,19,6.82
350,La Liga,Valencia,Eray Cömert,0,0,550,85.8,4,6.82
351,La Liga,Rayo Vallecano,Óscar Valentín,1,0,688,88.32,8,6.82
352,La Liga,Valencia,Mouctar Diakhaby,0,0,280,87.5,1,6.81
353,La Liga,Real Sociedad,Jon Martin,0,0,1150,91.56,2,6.81
354,La Liga,Real Sociedad,Duje Ćaleta-Car,0,0,1189,90.42,3,6.81
355,La Liga,Real Betis,Nelson Deossa,1,0,237,84.95,6,6.81
356,La Liga,Getafe,Zaid Romero,0,0,186,63.27,1,6.81
357,La Liga,Real Oviedo,David Costas,1,0,796,88.54,4,6.8
358,La Liga,Athletic Club,Aitor Paredes,1,0,803,87.66,4,6.8
359,La Liga,Atlético Madrid,Alexander Sørloth,2,0,272,68.34,10,6.79
360,La Liga,Athletic Club,Mikel Jauregizar,1,0,1003,81.21,23,6.79
361,La Liga,Mallorca,Manu Morlanes,2,0,723,89.59,16,6.79
362,La Liga,Deportivo Alavés,Nahuel Tenaglia,1,0,1120,86.82,6,6.79
363,La Liga,Real Oviedo,Nicolas Fonseca,0,0,388,84.9,2,6.79
364,La Liga,Espanyol,Leandro Cabrera,1,0,1104,80.58,11,6.79
365,La Liga,Villarreal,Renato Veiga,0,0,1284,88.19,3,6.78
366,La Liga,FC Barcelona,Andreas Christensen,0,0,312,95.71,1,6.78
367,La Liga,Deportivo Alavés,Jon Pacheco,1,0,812,86.47,5,6.77
368,La Liga,Real Sociedad,Orri Óskarsson,2,0,67,65.05,5,6.77
369,La Liga,Espanyol,Miguel Rubio,0,0,56,76.71,0,6.77
370,La Liga,Rayo Vallecano,Pacha,4,0,354,70.52,14,6.77
371,La Liga,Atlético Madrid,Javier Boñar,0,0,100,84.03,1,6.77
372,La Liga,Real Madrid,Dani Carvajal,3,0,392,93.33,8,6.76
373,La Liga,Real Oviedo,Leander Dendoncker,0,0,477,86.1,6,6.76
374,La Liga,Villarreal,Pau Navarro,1,0,769,87.89,4,6.75
375,La Liga,Osasuna,Raúl García de Haro,0,0,142,69.61,7,6.75
376,La Liga,Real Betis,Valentín Gómez,1,0,750,85.62,8,6.75
377,La Liga,Mallorca,Jan Salas,0,0,6,60.0,0,6.75
378,La Liga,Real Oviedo,David Carmo,1,0,838,82.4,7,6.75
379,La Liga,Atlético Madrid,Ademola Lookman,2,0,96,83.48,8,6.74
380,La Liga,Rayo Vallecano,Iván Balliu,0,0,159,82.81,2,6.74
381,La Liga,Real Betis,Angel Ortiz,1,0,208,83.2,6,6.74
382,La Liga,Celta Vigo,Matías Vecino,0,0,71,82.56,0,6.73
383,La Liga,Valencia,Unai Núñez,0,0,283,86.28,1,6.72
384,La Liga,Girona FC,Yáser Asprilla,2,0,129,85.43,12,6.72
385,La Liga,Real Madrid,David Alaba,0,0,212,92.98,0,6.71
386,La Liga,Espanyol,Pere Milla,4,0,358,72.62,33,6.71
387,La Liga,Osasuna,Iker Muñoz,0,0,359,84.27,5,6.71
388,La Liga,Celta Vigo,Fer López,2,0,362,83.41,9,6.7
389,La Liga,Real Madrid,Endrick,0,0,0,0.0,0,6.7
390,La Liga,Real Madrid,Víctor Valdepeñas,0,0,32,94.12,1,6.7
391,La Liga,Real Sociedad,Job Ochieng,0,0,9,75.0,2,6.7
392,La Liga,Sevilla,Federico Gattoni,0,0,1,100.0,0,6.7
393,La Liga,Real Oviedo,Omar Falah,0,0,6,85.71,0,6.7
394,La Liga,Valencia,Rubén Iranzo,0,0,2,100.0,0,6.7
395,La Liga,Celta Vigo,Hugo Burcio,0,0,5,100.0,0,6.7
396,La Liga,Girona FC,Marc-André Ter Stegen,0,0,69,92.0,0,6.7
397,La Liga,Rayo Vallecano,Samu Becerra,0,0,11,91.67,1,6.7
398,La Liga,Sevilla,Adnan Januzaj,0,0,113,87.6,11,6.7
399,La Liga,Real Madrid,David Jiménez,0,0,34,97.14,0,6.7
400,La Liga,Mallorca,Miguel Calatayud,0,0,11,91.67,0,6.7
401,La Liga,Mallorca,Martin Valjent,0,0,1400,87.5,3,6.7
402,La Liga,Levante UD,Unai Vencedor,3,0,339,81.49,12,6.69
403,La Liga,Mallorca,David López,0,0,261,81.31,0,6.69
404,La Liga,Valencia,Hugo Duro,2,0,244,70.72,15,6.69
405,La Liga,Villarreal,Thomas Partey,0,0,429,86.14,8,6.69
406,La Liga,Sevilla,Nemanja Gudelj,1,0,958,88.7,6,6.69
407,La Liga,Real Madrid,Franco Mastantuono,5,0,369,90.22,12,6.69
408,La Liga,Valencia,César Tárrega,0,0,1019,86.72,2,6.69
409,La Liga,Deportivo Alavés,Jonny Otto,2,0,1522,86.62,17,6.69
410,La Liga,Celta Vigo,Carlos Domínguez,0,0,404,91.4,1,6.69
411,La Liga,Getafe,Coba Da Costa,0,0,90,68.18,4,6.68
412,La Liga,Levante UD,Unai Elgezabal,0,0,348,85.09,2,6.68
413,La Liga,Elche,Léo Pétrot,1,0,798,86.64,2,6.68
414,La Liga,Rayo Vallecano,Nobel Mendy,1,0,753,86.06,3,6.68
415,La Liga,Sevilla,Batista Mendy,0,0,565,86.52,9,6.68
416,La Liga,Rayo Vallecano,Luiz Felipe,0,0,231,90.94,1,6.68
417,La Liga,Deportivo Alavés,Calebe Gonçalves,1,0,275,87.86,13,6.68
418,La Liga,Real Betis,Natan,0,0,1173,87.8,6,6.68
419,La Liga,Real Oviedo,Ovie Ejaria,0,0,95,87.96,1,6.68
420,La Liga,Rayo Vallecano,Randy Nteka,0,0,44,80.0,3,6.67
421,La Liga,Athletic Club,Dani Vivian,3,0,1083,85.21,6,6.67
422,La Liga,Valencia,Diego López,3,0,314,76.03,14,6.67
423,La Liga,Celta Vigo,Yoel Lago,0,0,341,92.66,1,6.67
424,La Liga,Elche,Rafa Mir,3,0,332,80.0,9,6.66
425,La Liga,Rayo Vallecano,Sergio Camello,1,0,133,83.13,13,6.66
426,La Liga,Real Sociedad,Jon Aramburu,0,0,984,80.85,10,6.65
427,La Liga,Sevilla,Ørjan Nyland,0,0,79,67.52,0,6.65
428,La Liga,Deportivo Alavés,Carlos Benavídez,0,0,101,85.59,3,6.65
429,La Liga,Elche,Mourad El Ghezouani,0,0,11,73.33,1,6.65
430,La Liga,Celta Vigo,Manu Fernández,0,0,454,90.08,3,6.65
431,La Liga,Celta Vigo,Mihailo Ristić,0,0,122,83.56,2,6.65
432,La Liga,Celta Vigo,Jones El-Abdellaoui,0,0,117,84.17,9,6.65
433,La Liga,Sevilla,Marcão,0,0,407,87.34,0,6.65
434,La Liga,Atlético Madrid,Conor Gallagher,1,0,324,90.25,4,6.64
435,La Liga,Getafe,Luis Vázquez,0,0,102,57.95,2,6.64
436,La Liga,Athletic Club,Nico Serrano,1,0,89,80.18,8,6.63
437,La Liga,Osasuna,Juan Cruz,0,0,209,88.19,2,6.63
438,La Liga,Getafe,Diego Rico,1,0,377,63.9,11,6.63
439,La Liga,Getafe,Sebastián Boselli,1,0,38,53.52,1,6.63
440,La Liga,Real Sociedad,Yangel Herrera,0,0,147,77.37,0,6.63
441,La Liga,Valencia,Jesús Vázquez,1,0,244,84.43,9,6.63
442,La Liga,Girona FC,Cristhian Stuani,0,0,32,64.0,1,6.63
443,La Liga,Sevilla,Fábio Cardoso,0,0,131,92.91,0,6.63
444,La Liga,Sevilla,Miguel Sierra,0,0,15,62.5,0,6.63
445,La Liga,Mallorca,Marash Kumbulla,0,0,230,78.5,1,6.63
446,La Liga,Valencia,José Copete,0,0,859,85.56,5,6.62
447,La Liga,Real Oviedo,Nacho Vidal,0,0,663,81.85,6,6.62
448,La Liga,Deportivo Alavés,Facundo Garcés,0,0,299,84.46,0,6.62
449,La Liga,Real Oviedo,Abdel Rahim,2,0,516,80.12,14,6.62
450,La Liga,Real Oviedo,Kwasi Sibo,0,0,564,87.04,3,6.62
451,La Liga,Getafe,Djené,0,0,551,77.39,2,6.61
452,La Liga,Levante UD,Paco Cortés,2,0,81,77.14,6,6.61
453,La Liga,Osasuna,Asier Osambela,1,0,103,72.54,3,6.61
454,La Liga,Real Oviedo,Salomón Rondón,0,0,148,71.84,5,6.61
455,La Liga,Espanyol,Jofre Carreras,2,0,134,73.63,13,6.6
456,La Liga,Real Betis,Chimy Ávila,0,0,66,70.21,8,6.6
457,La Liga,Getafe,Álex Sola,0,0,0,0.0,0,6.6
458,La Liga,Elche,Jairo Izquierdo,0,0,11,84.62,0,6.6
459,La Liga,Real Oviedo,Borja Sánchez,0,0,10,83.33,0,6.6
460,La Liga,FC Barcelona,Xavi Espart,0,0,51,87.93,0,6.6
461,La Liga,Real Madrid,Jorge Cestero,0,0,4,66.67,0,6.6
462,La Liga,Real Oviedo,Josip Brekalo,3,0,152,72.73,11,6.6
463,La Liga,Real Madrid,César Palacios,0,0,31,88.57,1,6.6
464,La Liga,Girona FC,Donny van de Beek,0,0,12,92.31,0,6.6
465,La Liga,Elche,Federico Redondo,0,0,119,88.15,1,6.6
466,La Liga,Villarreal,Carlos Maciá,0,0,32,84.21,0,6.6
467,La Liga,Real Madrid,Manuel Ángel Morán,0,0,62,89.86,0,6.6
468,La Liga,Espanyol,Luca Koleosho,0,0,23,95.83,1,6.6
469,La Liga,Atlético Madrid,Jano Monserrate,0,0,13,92.86,0,6.6
470,La Liga,Athletic Club,Mikel Vesga,0,0,206,77.44,4,6.6
471,La Liga,Espanyol,Javi Puado,2,0,167,83.92,10,6.59
472,La Liga,Sevilla,Manu Bueno,0,0,92,85.19,2,6.59
473,La Liga,Rayo Vallecano,Óscar Trejo,0,0,53,84.13,3,6.58
474,La Liga,Elche,Buba Sangare,1,0,169,85.35,1,6.58
475,La Liga,Getafe,Juanmi,0,0,24,66.67,3,6.58
476,La Liga,Athletic Club,Oihan Sancet,0,0,475,82.04,26,6.57
477,La Liga,Levante UD,Goduine Koyalipou,1,0,31,57.41,1,6.57
478,La Liga,Villarreal,Alfon González,0,0,101,82.11,9,6.57
479,La Liga,FC Barcelona,Dro Fernández,0,0,40,85.11,2,6.57
480,La Liga,Getafe,Alejandro Mestanza,0,0,17,73.91,0,6.57
481,La Liga,Osasuna,Sheraldo Becker,0,0,32,71.11,2,6.56
482,La Liga,Mallorca,Antonio Sánchez,3,0,272,79.07,9,6.55
483,La Liga,Elche,John Donald,0,0,238,89.81,1,6.55
484,La Liga,Real Madrid,Ferland Mendy,0,0,146,92.41,0,6.55
485,La Liga,Athletic Club,Beñat Prados,0,0,37,75.51,2,6.55
486,La Liga,Getafe,Javier Muñoz,0,0,122,68.93,5,6.55
487,La Liga,Getafe,Adrian Liso,0,0,184,69.7,4,6.54
488,La Liga,Elche,Grady Diangana,1,0,209,83.94,8,6.54
489,La Liga,Mallorca,Takuma Asano,2,0,69,74.19,2,6.54
490,La Liga,Espanyol,Charles Pickel,0,0,194,80.17,2,6.52
491,La Liga,Real Sociedad,Arsen Zakharyan,2,0,145,79.67,9,6.52
492,La Liga,Real Sociedad,Aritz Elustondo,0,0,291,86.87,0,6.51
493,La Liga,Mallorca,Javi Llabrés,0,0,48,78.69,1,6.51
494,La Liga,Mallorca,Mateu Morey,1,0,184,76.35,3,6.5
495,La Liga,FC Barcelona,Tomás Marqués,0,0,6,100.0,0,6.5
496,La Liga,Real Madrid,Diego Aguado,0,0,14,82.35,0,6.5
497,La Liga,Rayo Vallecano,Abdul Mumin,0,0,3,75.0,0,6.5
498,La Liga,Celta Vigo,Hugo González,0,0,1,50.0,0,6.5
499,La Liga,Real Sociedad,Ibai Aguirre,0,0,1,25.0,0,6.5
500,La Liga,Real Betis,Ivan Corralejo,0,0,7,100.0,0,6.5
501,La Liga,Real Oviedo,Marco Esteban,0,0,11,84.62,0,6.5
502,La Liga,Getafe,Hugo Solozábal,0,0,5,100.0,0,6.5
503,La Liga,Levante UD,Nacho Pérez,0,0,34,87.18,1,6.5
504,La Liga,Girona FC,Portu,0,0,56,71.79,3,6.5
505,La Liga,Deportivo Alavés,Aitor Mañas,0,0,17,89.47,2,6.5
506,La Liga,Atlético Madrid,Javi Morcillo,0,0,38,90.48,1,6.5
507,La Liga,Celta Vigo,Damián Rodríguez,0,0,106,92.98,2,6.5
508,La Liga,Getafe,José Luis Pérez,0,0,1,25.0,0,6.5
509,La Liga,Mallorca,Dani Rodríguez,0,0,12,66.67,1,6.5
510,La Liga,Real Betis,Pablo García,0,0,78,81.25,2,6.49
511,La Liga,Espanyol,Antoniu Roca,0,0,30,69.77,3,6.49
512,La Liga,Real Sociedad,Aihen Muñoz,0,0,222,82.53,5,6.49
513,La Liga,Sevilla,Isaac Romero,2,0,230,71.88,14,6.49
514,La Liga,Girona FC,Jhon Solís,0,0,145,88.41,1,6.48
515,La Liga,Levante UD,Tai Abed,0,0,8,66.67,0,6.48
516,La Liga,Athletic Club,Maroan Sannadi,1,0,47,71.21,2,6.48
517,La Liga,Mallorca,Abdón Prats,0,0,15,75.0,2,6.48
518,La Liga,Sevilla,Tanguy Nianzou,0,0,282,88.4,2,6.48
519,La Liga,Deportivo Alavés,Ibrahim Diabaté,0,0,46,64.79,1,6.47
520,La Liga,Athletic Club,Urko Izeta,1,0,39,69.64,2,6.47
521,La Liga,Girona FC,David López,0,0,152,87.86,0,6.47
522,La Liga,Mallorca,Justin-Noel Kalumba,0,0,20,74.07,0,6.47
523,La Liga,Valencia,Renzo Saravia,0,0,93,83.04,1,6.47
524,La Liga,Rayo Vallecano,Alemão,0,0,111,68.1,7,6.46
525,La Liga,Elche,Yago Santiago,0,0,89,85.58,2,6.46
526,La Liga,Rayo Vallecano,Jozhua Vertrouwd,0,0,180,90.91,2,6.46
527,La Liga,Girona FC,Juan Arango,0,0,3,100.0,0,6.45
528,La Liga,Osasuna,Iñigo Arguibide,0,0,24,63.16,1,6.45
529,La Liga,Athletic Club,Eder Garcia,0,0,17,73.91,0,6.45
530,La Liga,Athletic Club,Adama Boiro,0,0,269,88.49,3,6.45
531,La Liga,Real Oviedo,Luka Ilić,0,0,181,80.09,3,6.44
532,La Liga,Getafe,Veljko Birmančević,0,0,21,58.33,2,6.44
533,La Liga,Real Oviedo,Thiago Borbas,0,0,20,68.97,0,6.44
534,La Liga,Getafe,Abu Kamara,0,0,52,68.42,3,6.44
535,La Liga,Getafe,Yvan Neyou,0,0,15,83.33,0,6.43
536,La Liga,Girona FC,Abel Ruíz,0,0,28,77.78,2,6.43
537,La Liga,Real Sociedad,Jon Karrikaburu,0,0,10,58.82,1,6.43
538,La Liga,Real Sociedad,Wesley,0,0,21,70.0,0,6.42
539,La Liga,Deportivo Alavés,Jon Guridi,0,0,310,81.58,6,6.42
540,La Liga,FC Barcelona,Toni Fernández,0,0,7,77.78,1,6.4
541,La Liga,Girona FC,Bojan Miovski,0,0,2,66.67,0,6.4
542,La Liga,Real Sociedad,Dani Díaz,0,0,3,75.0,0,6.4
543,La Liga,Atlético Madrid,Dani Martinez,0,0,77,89.53,0,6.4
544,La Liga,Levante UD,Sergio Lozano,0,0,7,100.0,0,6.4
545,La Liga,Getafe,Jorge Montes,1,0,8,88.89,1,6.4
546,La Liga,Deportivo Alavés,Ville Koski,0,0,0,0.0,0,6.4
547,La Liga,FC Barcelona,Jofre Torrents ,0,0,30,88.24,0,6.4
548,La Liga,Deportivo Alavés,Moussa Diarra,0,0,41,64.06,1,6.4
549,La Liga,Real Sociedad,Gorka Carrera Zarranz,0,0,3,100.0,0,6.4
550,La Liga,Getafe,Allan Nyom,0,0,69,63.89,3,6.4
551,La Liga,Girona FC,Dawda Camara,0,0,7,70.0,2,6.4
552,La Liga,Athletic Club,Asier Hierro,0,0,6,66.67,1,6.4
553,La Liga,Rayo Vallecano,Pelayo Fernández,0,0,30,85.71,0,6.4
554,La Liga,Sevilla,Stanis Idumbo Muzambo,0,0,7,63.64,1,6.4
555,La Liga,Valencia,Dimitri Foulquier,0,0,439,84.75,6,6.38
556,La Liga,Getafe,Davinchi,0,0,99,56.25,2,6.37
557,La Liga,Girona FC,Lass Kourouma,0,0,10,76.92,0,6.36
558,La Liga,Levante UD,Jorge Cabello,0,0,106,86.18,0,6.36
559,La Liga,Deportivo Alavés,Mariano Díaz,2,0,28,65.12,2,6.36
560,La Liga,Real Oviedo,Pablo Agudín,0,0,10,58.82,0,6.36
561,La Liga,Real Madrid,Thiago Pitarch,1,0,232,89.23,2,6.36
562,La Liga,Sevilla,Ramón Martínez,0,0,57,89.06,0,6.35
563,La Liga,Sevilla,Joan Jordán,0,0,21,77.78,0,6.35
564,La Liga,Espanyol,Jose Salinas,0,0,94,83.93,5,6.35
565,La Liga,Levante UD,Diego Pampín,0,0,195,84.78,2,6.34
566,La Liga,Celta Vigo,Joseph Aidoo,0,0,364,93.09,0,6.33
567,La Liga,Rayo Vallecano,Carlos Martín,1,0,74,81.32,2,6.31
568,La Liga,Atlético Madrid,Taufik Seidu,0,0,2,50.0,0,6.3
569,La Liga,Real Sociedad,Luken Beitia,0,0,1,50.0,0,6.3
570,La Liga,Villarreal,Hugo López,0,0,5,100.0,0,6.3
571,La Liga,Elche,Bambo Diaby,0,0,59,95.16,0,6.3
572,La Liga,Elche,Ali Houary,0,0,47,88.68,0,6.3
573,La Liga,Athletic Club,Íñigo Lekue,0,0,186,76.54,1,6.29
574,La Liga,Celta Vigo,Andrés Antañón,0,0,12,66.67,0,6.25
575,La Liga,Deportivo Alavés,Carlos Ballestero,0,0,0,0.0,0,6.2
576,La Liga,Atlético Madrid,Rayane Belaid,0,0,27,90.0,2,6.1
577,La Liga,Deportivo Alavés,Diego Morcillo,0,0,2,50.0,0,6.1
578,La Liga,Real Sociedad,Mikel Goti,0,0,14,48.28,0,6.07
579,La Liga,Girona FC,Ladislav Krejčí,0,0,92,88.46,0,5.7
580,La Liga,Atlético Madrid,Aleksa Purić,0,0,0,0.0,0,0.0
581,La Liga,Real Sociedad,Arkaitz Mariezkurrena,0,0,0,0.0,0,0.0
582,La Liga,Real Betis,Dani Pérez,0,0,1,100.0,0,0.0
583,La Liga,Deportivo Alavés,Lander Pinillos,0,0,1,100.0,0,0.0
584,La Liga,Real Sociedad,Lander Astiazaran,0,0,0,0.0,0,0.0
