#,League,Team,Name,Goals,Expected goals (xG),Big chances missed,Succ. dribbles,Total shots,Goal conversion %,Average Sofascore rating
1,Ligue 1,Stade Rennais,Esteban Lepaul,19,14.26,8,8,79,24.05,7.01
2,Ligue 1,RC Strasbourg,Joaquin Panichelli,16,14.21,13,11,59,27.12,6.89
3,Ligue 1,Olympique de Marseille,Mason Greenwood,15,13.43,4,48,110,13.64,7.32
4,Ligue 1,AS Monaco,Folarin Balogun,13,13.03,11,14,71,18.31,6.79
5,Ligue 1,RC Lens,Odsonne Édouard,12,11.24,17,16,56,21.43,6.91
6,Ligue 1,Olympique Lyonnais,Pavel Šulc,11,8.77,5,15,42,26.19,6.96
7,Ligue 1,Paris Saint-Germain,Ousmane Dembélé,10,6.4,3,18,43,23.26,7.52
8,Ligue 1,Paris Saint-Germain,Bradley Barcola,10,10.43,15,35,64,15.63,7.28
9,Ligue 1,RC Lens,Florian Thauvin,10,10.63,10,46,70,14.29,7.24
10,Ligue 1,Olympique Lyonnais,Corentin Tolisso,10,10.01,7,4,47,21.28,7.15
11,Ligue 1,Lorient,Pablo Pagis,10,7.58,3,23,56,17.86,7.1
12,Ligue 1,RC Lens,Wesley Saïd,10,8.67,10,25,52,19.23,7.07
13,Ligue 1,AS Monaco,Ansu Fati,10,9.38,9,11,39,25.64,6.84
14,Ligue 1,Paris FC,Ilan Kebbal,9,6.53,4,32,49,18.37,7.44
15,Ligue 1,Auxerre,Lassine Sinayoko,9,11.36,13,29,85,10.59,6.93
16,Ligue 1,Olympique de Marseille,Pierre-Emerick Aubameyang,9,12.09,16,10,52,17.31,6.92
17,Ligue 1,Lorient,Ahmadou Bamba Dieng,9,7.62,9,6,41,21.95,6.8
18,Ligue 1,Toulouse,Yann Gboho,8,5.81,3,76,54,14.81,7.07
19,Ligue 1,Lille,Matías Fernández-Pardo,8,8.63,13,33,65,12.31,7.07
20,Ligue 1,Metz,Gauthier Hein,8,7.87,2,7,41,19.51,7.0
21,Ligue 1,Lille,Hakon Arnar Haraldsson,8,7.77,8,19,49,16.33,6.96
22,Ligue 1,RC Strasbourg,Martial Godo,8,7.42,8,17,36,22.22,6.85
23,Ligue 1,Stade Brestois,Romain Del Castillo,8,7.99,4,29,30,26.67,6.76
24,Ligue 1,Stade Rennais,Breel Embolo,8,8.17,6,14,36,22.22,6.65
25,Ligue 1,Paris Saint-Germain,Khvicha Kvaratskhelia,7,7.33,7,40,63,11.11,7.22
26,Ligue 1,Le Havre,Issa Soumaré,7,13.57,17,23,73,9.59,7.04
27,Ligue 1,Olympique de Marseille,Amine Gouiri,7,5.52,5,17,34,20.59,6.96
28,Ligue 1,Stade Brestois,Ludovic Ajorque,7,7.82,8,11,48,14.58,6.92
29,Ligue 1,Nice,Sofiane Diop,7,6.01,2,28,48,14.58,6.89
30,Ligue 1,Lille,Olivier Giroud,7,8.17,7,3,40,17.5,6.63
31,Ligue 1,Paris Saint-Germain,Désiré Doué,6,7.63,8,28,49,12.24,7.11
32,Ligue 1,AS Monaco,Maghnes Akliouche,6,7.13,6,23,46,13.04,7.07
33,Ligue 1,Nantes,Matthis Abline,6,7.95,8,51,85,7.06,6.96
34,Ligue 1,Olympique de Marseille,Igor Paixão,6,5.95,5,26,50,12.0,6.91
35,Ligue 1,Stade Rennais,Mousa Tamari,6,4.79,2,30,57,10.53,6.9
36,Ligue 1,Paris Saint-Germain,Gonçalo Ramos,6,8.51,13,17,55,10.91,6.6
37,Ligue 1,Toulouse,Emersonn,6,7.37,9,10,52,11.54,6.53
38,Ligue 1,Olympique Lyonnais,Endrick,5,5.76,8,34,40,12.5,7.21
39,Ligue 1,Paris Saint-Germain,João Neves,5,2.52,1,8,23,21.74,7.19
40,Ligue 1,Lille,Hamza Igamane,5,3.57,1,13,23,21.74,6.94
41,Ligue 1,AS Monaco,Aleksandr Golovin,5,3.72,3,19,34,14.71,6.85
42,Ligue 1,Stade Brestois,Kamory Doumbia,5,4.5,3,14,38,13.16,6.84
43,Ligue 1,Stade Rennais,Ludovic Blas,5,4.59,2,21,42,11.9,6.82
44,Ligue 1,RC Lens,Rayan Fofana,5,5.61,8,13,36,13.89,6.74
45,Ligue 1,Lorient,Aiyegun Tosin,5,5.41,5,12,27,18.52,6.74
46,Ligue 1,Stade Brestois,Remy Labeau Lascary,5,4.85,6,19,29,17.24,6.73
47,Ligue 1,Nice,Elye Wahi,5,3.4,4,6,21,23.81,6.72
48,Ligue 1,Toulouse,Frank Magri,5,4.48,2,10,33,15.15,6.71
49,Ligue 1,Stade Brestois,Eric Ebimbe,5,3.24,5,2,24,20.83,6.6
50,Ligue 1,Angers,Prosper Peter,5,5.45,8,5,23,21.74,6.56
51,Ligue 1,Paris Saint-Germain,Nuno Mendes,4,4.33,3,25,30,13.33,7.24
52,Ligue 1,Toulouse,Aron Dønnum,4,4.77,1,25,39,10.26,7.24
53,Ligue 1,Olympique Lyonnais,Afonso Moreira,4,2.43,1,21,36,11.11,7.02
54,Ligue 1,Le Havre,Rassoul Ndiaye,4,3.04,3,21,33,12.12,7.0
55,Ligue 1,RC Strasbourg,Emmanuel Emegha,4,3.9,3,3,17,23.53,6.92
56,Ligue 1,Olympique Lyonnais,Roman Yaremchuk,4,1.92,3,2,13,30.77,6.9
57,Ligue 1,Lille,Félix Correia,4,4.95,6,16,33,12.12,6.87
58,Ligue 1,Nice,Mohamed Ali Cho,4,3.0,7,18,26,15.38,6.77
59,Ligue 1,Paris FC,Marshall Munetsi,4,3.44,4,4,16,25.0,6.77
60,Ligue 1,Olympique de Marseille,Robinio Vaz,4,2.3,2,1,8,50.0,6.76
61,Ligue 1,Paris Saint-Germain,Senny Mayulu,4,3.94,6,13,31,12.9,6.74
62,Ligue 1,RC Strasbourg,Sebastian Nanasi,4,3.09,6,5,15,26.67,6.73
63,Ligue 1,Metz,Habibou Diallo,4,6.66,5,13,37,10.81,6.73
64,Ligue 1,Toulouse,Santiago Hidalgo,4,2.3,0,7,29,13.79,6.66
65,Ligue 1,Nantes,Mostafa Mohamed,4,2.88,2,3,35,11.43,6.63
66,Ligue 1,Angers,Sidiki Cherif,4,2.96,3,11,28,14.29,6.59
67,Ligue 1,Lorient,Sambou Soumano,4,5.37,5,5,28,14.29,6.57
68,Ligue 1,Paris FC,Willem Geubbels,4,5.29,7,1,27,14.81,6.54
69,Ligue 1,RC Lens,Allan Saint-Maximin,3,1.31,1,13,17,17.65,7.34
70,Ligue 1,Olympique de Marseille,Pierre-Emile Højbjerg,3,2.97,4,16,43,6.98,7.14
71,Ligue 1,RC Lens,Mamadou Sangare,3,3.11,2,32,49,6.12,7.09
72,Ligue 1,Auxerre,Bryan Okoh,3,0.68,0,0,8,37.5,7.08
73,Ligue 1,RC Lens,Ismaelo Ganiou,3,1.89,2,10,19,15.79,7.07
74,Ligue 1,Paris Saint-Germain,Kang-in Lee,3,2.64,1,24,36,8.33,7.05
75,Ligue 1,Auxerre,Kévin Danois,3,1.67,1,33,23,13.04,7.04
76,Ligue 1,Paris Saint-Germain,Warren Zaïre-Emery,3,1.22,1,30,19,15.79,7.01
77,Ligue 1,Toulouse,Charlie Cresswell,3,3.23,4,1,35,8.57,6.95
78,Ligue 1,RC Strasbourg,Diego Moreira,3,1.46,1,31,23,13.04,6.95
79,Ligue 1,RC Lens,Adrien Thomasson,3,6.84,9,19,41,7.32,6.91
80,Ligue 1,Paris FC,Luca Koleosho,3,1.8,3,7,14,21.43,6.89
81,Ligue 1,Lille,Romain Perraud,3,2.17,0,11,32,9.38,6.87
82,Ligue 1,Nantes,Ignatius Kpene Ganago,3,3.4,4,7,22,13.64,6.85
83,Ligue 1,Olympique de Marseille,Angel Gomes,3,1.42,3,6,11,27.27,6.85
84,Ligue 1,Le Havre,Fodé Doucouré,3,2.01,2,5,19,15.79,6.84
85,Ligue 1,Olympique Lyonnais,Abner Vinícius,3,1.56,2,9,17,17.65,6.84
86,Ligue 1,Lille,Ethan Mbappé,3,1.51,2,6,14,21.43,6.83
87,Ligue 1,Paris FC,Jonathan Ikoné,3,3.04,4,16,23,13.04,6.82
88,Ligue 1,Lorient,Jean Victor Makengo,3,2.48,0,20,33,9.09,6.81
89,Ligue 1,Nice,Tom Louchet,3,2.98,2,12,21,14.29,6.81
90,Ligue 1,Nantes,Fabien Centonze,3,1.35,0,4,8,37.5,6.81
91,Ligue 1,AS Monaco,Mamadou Coulibaly,3,1.54,1,15,11,27.27,6.78
92,Ligue 1,Paris FC,Moses Simon,3,2.67,2,28,33,9.09,6.78
93,Ligue 1,Metz,Giorgi Tsitaishvili,3,1.45,0,42,30,10.0,6.76
94,Ligue 1,Toulouse,Djibril Sidibé,3,2.83,2,9,8,37.5,6.76
95,Ligue 1,AS Monaco,Simon Adingra,3,2.32,2,23,18,16.67,6.74
96,Ligue 1,Stade Rennais,Mohamed Kader Meite,3,3.5,4,6,22,13.64,6.73
97,Ligue 1,Auxerre,Danny Namaso,3,5.36,8,32,60,5.0,6.67
98,Ligue 1,Stade Rennais,Mahdi Camara,3,2.92,3,22,27,11.11,6.63
99,Ligue 1,Nice,Ali Abdi,3,1.93,2,16,11,27.27,6.62
100,Ligue 1,AS Monaco,Takumi Minamino,3,3.18,4,4,21,14.29,6.61
101,Ligue 1,Nantes,Youssef El Arabi,3,2.53,7,6,15,20.0,6.58
102,Ligue 1,Paris FC,Alimami Gory,3,2.05,2,4,13,23.08,6.57
103,Ligue 1,Paris Saint-Germain,Lucas Beraldo,2,1.53,0,0,11,18.18,7.29
104,Ligue 1,Stade Rennais,Valentin Rongier,2,0.98,0,17,21,9.52,7.23
105,Ligue 1,RC Lens,Samson Baidoo,2,1.64,3,7,17,11.76,7.2
106,Ligue 1,Olympique Lyonnais,Tyler Morton,2,1.67,1,14,27,7.41,7.17
107,Ligue 1,Toulouse,Cristian Cásseres Jr.,2,1.74,1,16,26,7.69,7.15
108,Ligue 1,Lille,Benjamin André,2,2.72,1,12,24,8.33,7.14
109,Ligue 1,Olympique Lyonnais,Malick Fofana,2,2.71,4,7,18,11.11,7.02
110,Ligue 1,Nantes,Rémy Cabella,2,3.1,3,4,9,22.22,6.99
111,Ligue 1,RC Strasbourg,Julio Enciso,2,5.72,7,47,48,4.17,6.99
112,Ligue 1,RC Lens,Saud Abdulhamid,2,0.83,1,4,8,25.0,6.98
113,Ligue 1,Lille,Nabil Bentaleb,2,1.28,0,4,17,11.76,6.97
114,Ligue 1,RC Lens,Ruben Aguilar,2,0.92,0,7,13,15.38,6.94
115,Ligue 1,Stade Brestois,Joris Chotard,2,1.33,2,4,25,8.0,6.94
116,Ligue 1,Metz,Sadibou Sané,2,0.28,0,3,5,40.0,6.92
117,Ligue 1,Lorient,Arsène Kouassi,2,0.54,1,35,7,28.57,6.91
118,Ligue 1,RC Strasbourg,Guéla Doué,2,2.11,3,15,12,16.67,6.9
119,Ligue 1,Auxerre,Sinaly Diomandé,2,1.8,2,4,9,22.22,6.89
120,Ligue 1,AS Monaco,Denis Zakaria,2,1.69,3,8,17,11.76,6.88
121,Ligue 1,Le Havre,Abdoulaye Touré,2,1.5,2,3,13,15.38,6.87
122,Ligue 1,Metz,Koffi Kouao,2,1.75,1,29,23,8.7,6.86
123,Ligue 1,Stade Rennais,Abdelhamid Ait Boudlal,2,1.53,2,8,9,22.22,6.86
124,Ligue 1,Lorient,Noah Cadiou,2,1.5,2,12,16,12.5,6.85
125,Ligue 1,Lorient,Théo Le Bris,2,1.74,2,11,17,11.76,6.84
126,Ligue 1,Olympique de Marseille,Himad Abdelli,2,2.13,0,15,15,13.33,6.83
127,Ligue 1,Olympique Lyonnais,Noah Nartey,2,1.05,0,14,5,40.0,6.81
128,Ligue 1,Metz,Nathan Mbala,2,0.79,0,5,14,14.29,6.81
129,Ligue 1,Angers,Lilian Raolisoa,2,0.79,0,15,16,12.5,6.8
130,Ligue 1,Nice,Jérémie Boga,2,1.57,2,13,15,13.33,6.79
131,Ligue 1,Olympique de Marseille,Ethan Nwaneri,2,0.71,0,5,9,22.22,6.79
132,Ligue 1,RC Strasbourg,Samuel Amo-Ameyaw,2,0.76,1,28,13,15.38,6.79
133,Ligue 1,Paris Saint-Germain,Achraf Hakimi,2,2.42,4,8,27,7.41,6.77
134,Ligue 1,Angers,Yassin Belkhdim,2,2.35,2,5,33,6.06,6.76
135,Ligue 1,Olympique de Marseille,Hamed Junior Traorè,2,2.23,3,10,13,15.38,6.76
136,Ligue 1,Paris Saint-Germain,Ibrahim Mbaye,2,3.05,4,20,22,9.09,6.76
137,Ligue 1,Metz,Giorgi Kvilitaia,2,0.82,1,3,8,25.0,6.74
138,Ligue 1,Olympique de Marseille,Tim Weah,2,1.62,3,14,27,7.41,6.73
139,Ligue 1,Stade Brestois,Mama Baldé,2,2.79,2,9,30,6.67,6.73
140,Ligue 1,Paris FC,Ciro Immobile,2,1.62,1,3,14,14.29,6.72
141,Ligue 1,Metz,Jessy Deminguet,2,0.98,1,9,17,11.76,6.72
142,Ligue 1,Toulouse,Julian Vignolo,2,1.44,1,3,8,25.0,6.72
143,Ligue 1,Olympique de Marseille,Amir Murillo,2,1.03,0,8,9,22.22,6.71
144,Ligue 1,Olympique Lyonnais,Martín Satriano,2,1.79,3,5,16,12.5,6.7
145,Ligue 1,RC Lens,Abdallah Sima,2,1.71,2,4,22,9.09,6.69
146,Ligue 1,Angers,Djibirin Harouna,2,1.05,0,3,7,28.57,6.68
147,Ligue 1,Nice,Melvin Bard,2,1.07,0,15,15,13.33,6.68
148,Ligue 1,Paris FC,Rudy Matondo,2,1.01,0,11,13,15.38,6.67
149,Ligue 1,Angers,Amine Sbai,2,3.61,3,34,32,6.25,6.66
150,Ligue 1,RC Strasbourg,Abdoul Ouattara,2,2.35,2,6,25,8.0,6.66
151,Ligue 1,Paris FC,Vincent Marchetti,2,2.18,1,10,24,8.33,6.65
152,Ligue 1,Nantes,Bahereba Guirassy,2,1.79,2,9,15,13.33,6.62
153,Ligue 1,Metz,Giorgi Abuashvili,2,0.66,0,6,17,11.76,6.6
154,Ligue 1,Auxerre,Sékou Mara,2,2.84,1,15,29,6.9,6.6
155,Ligue 1,Paris FC,Jean-Philippe Krasso,2,3.43,6,18,27,7.41,6.59
156,Ligue 1,Angers,Louis Mouton,2,2.84,1,12,35,5.71,6.56
157,Ligue 1,Le Havre,Yassine Kechta,2,1.63,4,7,20,10.0,6.55
158,Ligue 1,AS Monaco,George Ilenikhena,2,1.44,3,1,15,13.33,6.54
159,Ligue 1,Nice,Terem Moffi,2,3.28,5,3,16,12.5,6.53
160,Ligue 1,Le Havre,Ally Samatta,2,3.7,8,12,39,5.13,6.51
161,Ligue 1,AS Monaco,Mika Biereth,2,3.31,4,4,19,10.53,6.51
162,Ligue 1,RC Lens,Mezian Mesloub,1,0.16,0,0,1,100.0,7.7
163,Ligue 1,Paris Saint-Germain,Vitinha,1,1.0,0,12,32,3.13,7.62
164,Ligue 1,RC Strasbourg,Dilane Bakwa,1,0.15,0,5,2,50.0,7.53
165,Ligue 1,Lille,Aïssa Mandi,1,1.19,0,4,14,7.14,7.27
166,Ligue 1,RC Strasbourg,Valentín Barco,1,2.15,3,22,24,4.17,7.15
167,Ligue 1,Olympique de Marseille,Nayef Aguerd,1,0.63,0,1,10,10.0,7.13
168,Ligue 1,Stade Rennais,Anthony Rouault,1,1.21,3,3,8,12.5,7.11
169,Ligue 1,Olympique Lyonnais,Georges Mikautadze,1,1.06,0,5,10,10.0,7.1
170,Ligue 1,AS Monaco,Lamine Camara,1,1.7,1,13,21,4.76,7.1
171,Ligue 1,RC Lens,Matthieu Udol,1,4.46,7,15,45,2.22,7.05
172,Ligue 1,AS Monaco,Mohammed Salisu,1,0.77,1,2,8,12.5,7.03
173,Ligue 1,Paris Saint-Germain,Fabián Ruiz,1,1.16,3,1,16,6.25,7.02
174,Ligue 1,Paris Saint-Germain,Ilya Zabarnyi,1,0.5,1,3,4,25.0,7.02
175,Ligue 1,Le Havre,Gautier Lloris,1,0.92,3,1,11,9.09,7.02
176,Ligue 1,AS Monaco,Eric Dier,1,0.49,0,0,3,33.33,7.0
177,Ligue 1,Lorient,Arthur Avom Ebong,1,1.05,0,21,20,5.0,6.99
178,Ligue 1,Stade Rennais,Przemysław Frankowski,1,0.5,0,4,9,11.11,6.98
179,Ligue 1,RC Strasbourg,Samir El Mourabet,1,0.31,0,15,11,9.09,6.98
180,Ligue 1,Stade Brestois,Julien Le Cardinal,1,0.82,0,0,5,20.0,6.98
181,Ligue 1,Toulouse,Pape Diop,1,1.33,2,4,28,3.57,6.98
182,Ligue 1,AS Monaco,Jordan Teze,1,0.59,0,3,13,7.69,6.98
183,Ligue 1,Nice,Jonathan Clauss,1,1.29,1,26,23,4.35,6.96
184,Ligue 1,Stade Brestois,Brendan Chardonnet,1,0.7,1,1,11,9.09,6.95
185,Ligue 1,Nantes,Chidozie Awaziem,1,0.6,0,4,11,9.09,6.95
186,Ligue 1,Paris FC,Pierre Lees Melou,1,1.21,1,10,29,3.45,6.93
187,Ligue 1,Lorient,Laurent Abergel,1,0.73,1,8,20,5.0,6.91
188,Ligue 1,Stade Rennais,Quentin Merlin,1,1.22,1,13,24,4.17,6.91
189,Ligue 1,Paris FC,Otávio,1,0.58,0,6,12,8.33,6.89
190,Ligue 1,Auxerre,Oussama El Azzouzi,1,0.52,1,6,5,20.0,6.88
191,Ligue 1,Lorient,Panos Katseris,1,0.85,0,7,7,14.29,6.87
192,Ligue 1,Angers,Ousmane Camara,1,0.59,0,3,12,8.33,6.86
193,Ligue 1,Lille,Nathan Ngoy,1,1.23,2,7,21,4.76,6.86
194,Ligue 1,Stade Rennais,Seko Fofana,1,1.04,0,12,9,11.11,6.86
195,Ligue 1,RC Lens,Amadou Haidara,1,0.14,0,0,2,50.0,6.85
196,Ligue 1,RC Strasbourg,Andrew Omobamidele,1,0.5,1,0,3,33.33,6.85
197,Ligue 1,Stade Brestois,Hugo Magnetti,1,0.5,0,14,18,5.56,6.84
198,Ligue 1,Auxerre,Marvin Senaya,1,1.38,2,3,15,6.67,6.83
199,Ligue 1,Lille,Thomas Meunier,1,1.19,0,9,16,6.25,6.83
200,Ligue 1,Olympique Lyonnais,Tanner Tessmann,1,2.26,3,9,26,3.85,6.83
201,Ligue 1,Stade Rennais,Sebastian Szymański,1,0.63,0,3,11,9.09,6.82
202,Ligue 1,Le Havre,Noam Obougou Jacquet,1,0.13,0,2,4,25.0,6.82
203,Ligue 1,Nice,Hicham Boudaoui,1,1.55,3,14,19,5.26,6.8
204,Ligue 1,Le Havre,Arouna Sangante,1,0.43,1,4,9,11.11,6.8
205,Ligue 1,Auxerre,Francisco Sierralta,1,1.03,0,2,7,14.29,6.8
206,Ligue 1,Olympique de Marseille,Benjamin Pavard,1,0.82,0,0,11,9.09,6.79
207,Ligue 1,Lille,Gaëtan Perrin,1,0.53,0,9,7,14.29,6.79
208,Ligue 1,Olympique Lyonnais,Ainsley Maitland-Niles,1,2.39,3,13,14,7.14,6.79
209,Ligue 1,RC Strasbourg,Maxi Oyedele,1,0.11,0,4,2,50.0,6.78
210,Ligue 1,RC Lens,Morgan Guilavogui,1,1.24,3,8,10,10.0,6.78
211,Ligue 1,Olympique Lyonnais,Rémi Himbert,1,1.05,2,4,10,10.0,6.78
212,Ligue 1,Nice,Antoine Mendy,1,2.17,5,6,15,6.67,6.77
213,Ligue 1,Le Havre,Sofiane Boufal,1,0.57,0,18,14,7.14,6.77
214,Ligue 1,Angers,Jim Allevinah,1,1.02,0,1,5,20.0,6.77
215,Ligue 1,Le Havre,Stephan Zagadou,1,0.07,0,2,1,100.0,6.76
216,Ligue 1,Paris Saint-Germain,Dro Fernández,1,0.75,1,6,4,25.0,6.76
217,Ligue 1,Nice,Kojo Peprah Oppong,1,1.59,2,12,11,9.09,6.75
218,Ligue 1,Olympique de Marseille,Matt O'Riley,1,0.83,1,2,7,14.29,6.75
219,Ligue 1,AS Monaco,Stanis Idumbo Muzambo,1,0.56,1,1,6,16.67,6.74
220,Ligue 1,Lorient,Igor Silva,1,0.46,0,3,8,12.5,6.74
221,Ligue 1,RC Strasbourg,Junior Mwanga,1,1.2,1,18,10,10.0,6.74
222,Ligue 1,Metz,Jahyann Pandore,1,0.25,0,0,2,50.0,6.73
223,Ligue 1,Metz,Ibou Sane,1,0.36,0,2,6,16.67,6.73
224,Ligue 1,Lille,Osame Sahraoui,1,0.82,1,15,11,9.09,6.73
225,Ligue 1,Paris FC,Adama Camara,1,1.78,1,9,17,5.88,6.73
226,Ligue 1,Lorient,Karim Dermane,1,1.12,0,18,15,6.67,6.73
227,Ligue 1,Metz,Boubacar Traoré,1,0.93,1,18,18,5.56,6.72
228,Ligue 1,Olympique Lyonnais,Adam Karabec,1,1.65,1,11,9,11.11,6.71
229,Ligue 1,Toulouse,Rasmus Nicolaisen,1,0.85,0,3,15,6.67,6.7
230,Ligue 1,Le Havre,Yanis Zouaoui,1,1.37,1,20,16,6.25,6.69
231,Ligue 1,Le Havre,Godson Kyeremeh,1,1.08,0,5,6,16.67,6.68
232,Ligue 1,Paris FC,Nouha Dicko,1,0.4,0,0,4,25.0,6.67
233,Ligue 1,Stade Rennais,Arnaud Nordin,1,0.92,2,5,18,5.56,6.66
234,Ligue 1,Stade Brestois,Lucas Tousart,1,0.54,0,2,8,12.5,6.65
235,Ligue 1,Lille,Ngal'ayel Mukau,1,2.14,3,13,20,5.0,6.63
236,Ligue 1,Nantes,Louis Leroux,1,1.66,1,11,15,6.67,6.62
237,Ligue 1,Lille,Soriba Diaoune,1,1.25,1,5,10,10.0,6.62
238,Ligue 1,Nantes,Dehmaine Tabibou,1,1.95,1,20,29,3.45,6.62
239,Ligue 1,Toulouse,Seny Koumbassa,1,0.25,0,0,3,33.33,6.61
240,Ligue 1,Le Havre,Simon Ebonog,1,1.79,0,17,21,4.76,6.59
241,Ligue 1,Toulouse,Mario Sauer,1,1.79,1,3,14,7.14,6.58
242,Ligue 1,Lille,Marius Broholm,1,0.98,0,3,4,25.0,6.58
243,Ligue 1,Auxerre,Josué Casimir,1,2.85,3,8,22,4.55,6.58
244,Ligue 1,Metz,Jean-Philippe Gbamin,1,2.01,1,24,14,7.14,6.58
245,Ligue 1,Nantes,Mayckel Lahdo,1,0.36,0,6,3,33.33,6.58
246,Ligue 1,Paris FC,Lohann Doucet,1,0.3,0,2,2,50.0,6.58
247,Ligue 1,Stade Rennais,Nordan Mukiele,1,0.11,0,2,3,33.33,6.57
248,Ligue 1,Olympique Lyonnais,Ruben Kluivert,1,0.21,0,3,1,100.0,6.56
249,Ligue 1,Paris Saint-Germain,Quentin Ndjantou,1,1.49,2,6,9,11.11,6.56
250,Ligue 1,Nice,Isak Jansson,1,1.58,2,4,15,6.67,6.55
251,Ligue 1,Nice,Kaïl Boudache,1,2.5,4,6,11,9.09,6.55
252,Ligue 1,Le Havre,Kenny Quetant,1,0.75,1,2,8,12.5,6.52
253,Ligue 1,Le Havre,Felix Mambimbi,1,0.66,1,4,6,16.67,6.51
254,Ligue 1,RC Strasbourg,Kendry Páez,1,0.83,1,6,10,10.0,6.5
255,Ligue 1,Toulouse,Alexis Vossah,1,0.59,0,4,9,11.11,6.5
256,Ligue 1,Lorient,Mohamed Bamba,1,2.38,3,4,13,7.69,6.49
257,Ligue 1,Angers,Goduine Koyalipou,1,2.25,2,5,16,6.25,6.49
258,Ligue 1,Paris FC,Samir Sophian Chergui,1,1.71,1,3,12,8.33,6.48
259,Ligue 1,Toulouse,Dayann Methalie,1,0.8,1,26,13,7.69,6.48
260,Ligue 1,Stade Brestois,Pathé Mboup,1,2.87,6,24,21,4.76,6.45
261,Ligue 1,Toulouse,Jacen Russell Rowe,1,1.44,4,2,11,9.09,6.45
262,Ligue 1,Angers,Lanroy Machine,1,1.72,3,5,14,7.14,6.44
263,Ligue 1,Stade Brestois,Daouda Guindo,1,1.12,1,2,18,5.56,6.44
264,Ligue 1,Le Havre,Lionel Mpasi Nzau,0,,0,0,0,0.0,7.83
265,Ligue 1,Olympique Lyonnais,Rémy Descamps,0,,0,1,0,0.0,7.66
266,Ligue 1,Nantes,Patrik Carlgren,0,,0,0,0,0.0,7.37
267,Ligue 1,Angers,Hervé Koffi,0,,0,0,0,0.0,7.34
268,Ligue 1,RC Strasbourg,Karl-Johan Johnsson,0,,0,0,0,0.0,7.3
269,Ligue 1,Olympique de Marseille,Ange Lago,0,0.15,1,0,2,0.0,7.3
270,Ligue 1,Paris Saint-Germain,Marquinhos,0,0.12,0,1,2,0.0,7.26
271,Ligue 1,Lille,Berke Özer,0,,0,0,0,0.0,7.24
272,Ligue 1,RC Lens,Malang Sarr,0,1.25,2,6,22,0.0,7.24
273,Ligue 1,Olympique Lyonnais,Moussa Niakhaté,0,0.3,0,5,4,0.0,7.21
274,Ligue 1,Paris Saint-Germain,Renato Marin,0,,0,0,0,0.0,7.2
275,Ligue 1,RC Lens,Andy Diouf,0,0.22,0,3,3,0.0,7.2
276,Ligue 1,RC Lens,Kyllian Antonio,0,0.06,0,2,1,0.0,7.2
277,Ligue 1,Angers,Melvin Zinga,0,,0,0,0,0.0,7.15
278,Ligue 1,Toulouse,Jaydee Canvot,0,0.14,0,2,2,0.0,7.15
279,Ligue 1,Metz,Pape Sy,0,,0,0,0,0.0,7.13
280,Ligue 1,Nantes,Anthony Lopes,0,0.12,0,1,2,0.0,7.1
281,Ligue 1,Olympique de Marseille,Gerónimo Rulli,0,0.04,0,1,1,0.0,7.1
282,Ligue 1,RC Lens,Robin Risser,0,,0,0,0,0.0,7.09
283,Ligue 1,Stade Brestois,Grégoire Coudert,0,,0,1,0,0.0,7.08
284,Ligue 1,Olympique Lyonnais,Dominik Greif,0,,0,0,0,0.0,7.06
285,Ligue 1,Nantes,Frédéric Guilbert,0,0.4,1,5,7,0.0,7.04
286,Ligue 1,Auxerre,Donovan Léon,0,,0,1,0,0.0,7.04
287,Ligue 1,Angers,Branco Van den Boomen,0,1.14,1,3,12,0.0,7.02
288,Ligue 1,Nice,Yehvann Diouf,0,,0,1,0,0.0,7.02
289,Ligue 1,Paris Saint-Germain,Lucas Hernández,0,0.49,1,3,10,0.0,7.01
290,Ligue 1,Le Havre,Mory Diaw,0,,0,0,0,0.0,7.0
291,Ligue 1,Nice,Brad-Hamilton Mantsounga,0,,0,0,0,0.0,7.0
292,Ligue 1,Stade Rennais,Jérémy Jacquet,0,1.04,0,4,11,0.0,6.99
293,Ligue 1,Olympique Lyonnais,Clinton Mata,0,0.12,0,8,4,0.0,6.98
294,Ligue 1,Metz,Jonathan Fischer,0,,0,0,0,0.0,6.98
295,Ligue 1,Paris Saint-Germain,Willian Pacho,0,1.0,1,1,8,0.0,6.97
296,Ligue 1,Stade Rennais,Brice Samba,0,,0,0,0,0.0,6.96
297,Ligue 1,Lorient,Yvon Mvogo,0,,0,1,0,0.0,6.96
298,Ligue 1,Paris Saint-Germain,Lucas Chevalier,0,,0,0,0,0.0,6.95
299,Ligue 1,Olympique de Marseille,Geoffrey Kondogbia,0,0.27,1,6,4,0.0,6.95
300,Ligue 1,Auxerre,Théo De Percin,0,,0,0,0,0.0,6.94
301,Ligue 1,Paris FC,Kevin Trapp,0,,0,0,0,0.0,6.93
302,Ligue 1,AS Monaco,Philipp Köhn,0,,0,0,0,0.0,6.93
303,Ligue 1,Paris Saint-Germain,Matvey Safonov,0,,0,0,0,0.0,6.92
304,Ligue 1,AS Monaco,Lukáš Hrádecký,0,,0,0,0,0.0,6.92
305,Ligue 1,Paris FC,Diego Coppola,0,0.19,0,1,4,0.0,6.92
306,Ligue 1,Stade Brestois,Michel Diaz,0,0.27,1,3,5,0.0,6.92
307,Ligue 1,AS Monaco,Thilo Kehrer,0,1.64,2,3,16,0.0,6.91
308,Ligue 1,RC Strasbourg,Mike Penders,0,,0,0,0,0.0,6.91
309,Ligue 1,AS Monaco,Krépin Diatta,0,1.2,1,6,7,0.0,6.9
310,Ligue 1,Olympique de Marseille,Hilan Hamzaoui Slimani,0,,0,0,0,0.0,6.9
311,Ligue 1,Lille,André Gomes,0,,0,3,0,0.0,6.9
312,Ligue 1,Lorient,Formose Mendy,0,,0,0,0,0.0,6.9
313,Ligue 1,Paris FC,Moustapha Mbow,0,0.64,1,6,10,0.0,6.89
314,Ligue 1,RC Strasbourg,Gessime Yassine,0,0.82,1,10,8,0.0,6.89
315,Ligue 1,Lorient,Montassar Talbi,0,0.68,1,2,13,0.0,6.89
316,Ligue 1,Olympique de Marseille,Emerson,0,0.45,0,6,13,0.0,6.87
317,Ligue 1,Paris FC,Maxime López,0,1.08,1,9,10,0.0,6.87
318,Ligue 1,Olympique de Marseille,Leonardo Balerdi,0,2.24,4,9,19,0.0,6.86
319,Ligue 1,Stade Rennais,Alidu Seidu,0,0.14,0,7,5,0.0,6.86
320,Ligue 1,AS Monaco,Aladji Bamba,0,0.1,0,10,1,0.0,6.86
321,Ligue 1,Auxerre,Romain Faivre,0,0.62,0,12,11,0.0,6.85
322,Ligue 1,RC Lens,Fode Sylla,0,,0,0,0,0.0,6.85
323,Ligue 1,Le Havre,Lucas Gourna-Douath,0,0.19,0,8,8,0.0,6.85
324,Ligue 1,Nantes,Johann Lepenant,0,0.93,0,10,21,0.0,6.84
325,Ligue 1,Stade Rennais,Lilian Brassier,0,0.78,1,7,10,0.0,6.83
326,Ligue 1,Le Havre,Ayumu Seko,0,1.04,1,2,17,0.0,6.82
327,Ligue 1,AS Monaco,Wout Faes,0,0.4,1,1,5,0.0,6.82
328,Ligue 1,Metz,Benjamin Stambouli,0,0.34,0,9,6,0.0,6.81
329,Ligue 1,Auxerre,Elisha Owusu,0,0.14,0,9,6,0.0,6.81
330,Ligue 1,Angers,Jordan Lefort,0,0.54,0,8,10,0.0,6.81
331,Ligue 1,Nantes,Mohamed Kaba,0,1.01,3,6,11,0.0,6.8
332,Ligue 1,Nice,Charles Vanhoutte,0,0.18,0,7,4,0.0,6.8
333,Ligue 1,Olympique de Marseille,Facundo Medina,0,0.3,1,4,4,0.0,6.8
334,Ligue 1,Nantes,Sékou Doucoure,0,,0,0,0,0.0,6.8
335,Ligue 1,Olympique de Marseille,Derek Cornelius,0,,0,0,0,0.0,6.8
336,Ligue 1,Le Havre,Étienne Youte Kinkoue,0,,0,0,0,0.0,6.8
337,Ligue 1,Olympique Lyonnais,Mathys de Carvalho,0,0.44,0,1,7,0.0,6.8
338,Ligue 1,Nice,Pablo Rosario,0,0.09,0,2,2,0.0,6.8
339,Ligue 1,Nice,Abdulay Juma Bah,0,0.95,3,9,7,0.0,6.79
340,Ligue 1,Toulouse,Rafik Messali,0,,0,4,0,0.0,6.79
341,Ligue 1,Toulouse,Guillaume Restes,0,,0,0,0,0.0,6.79
342,Ligue 1,Toulouse,Mark McKenzie,0,0.32,0,6,6,0.0,6.79
343,Ligue 1,RC Strasbourg,Mamadou Sarr,0,0.07,0,5,1,0.0,6.79
344,Ligue 1,Le Havre,Loic Négo,0,0.75,1,13,16,0.0,6.79
345,Ligue 1,Nantes,Hyeok-kyu Kwon,0,0.08,0,0,3,0.0,6.78
346,Ligue 1,Angers,Haris Belkebla,0,0.28,0,18,5,0.0,6.77
347,Ligue 1,AS Monaco,Vanderson,0,0.11,0,8,3,0.0,6.77
348,Ligue 1,Metz,Urie-Michel Mboula,0,0.11,0,7,2,0.0,6.77
349,Ligue 1,Lille,Chancel Mbemba,0,0.52,0,1,7,0.0,6.77
350,Ligue 1,RC Lens,Andrija Bulatovic,0,0.58,1,4,10,0.0,6.76
351,Ligue 1,Auxerre,Gideon Mensah,0,0.0,0,15,1,0.0,6.76
352,Ligue 1,Stade Brestois,Kenny Lala,0,0.25,0,7,9,0.0,6.76
353,Ligue 1,AS Monaco,Caio Henrique,0,0.25,0,6,2,0.0,6.75
354,Ligue 1,Nantes,Ali Youssef,0,0.4,0,2,6,0.0,6.75
355,Ligue 1,Olympique Lyonnais,Steeve Kango,0,,0,1,0,0.0,6.75
356,Ligue 1,AS Monaco,Paul Pogba,0,0.06,0,0,2,0.0,6.75
357,Ligue 1,AS Monaco,Christian Mawissa,0,0.32,1,14,1,0.0,6.74
358,Ligue 1,RC Strasbourg,Lucas Høgsberg,0,0.25,0,1,4,0.0,6.74
359,Ligue 1,Lille,Arnaud Bodart,0,,0,0,0,0.0,6.73
360,Ligue 1,Nice,Gabin Bernardeau,0,0.08,0,0,3,0.0,6.73
361,Ligue 1,Le Havre,Reda Khadra,0,0.21,0,5,6,0.0,6.73
362,Ligue 1,Le Havre,Thomas Delaine,0,0.07,0,2,3,0.0,6.72
363,Ligue 1,Nice,Tanguy Ndombélé,0,0.54,1,1,5,0.0,6.71
364,Ligue 1,Auxerre,Naouirou Ahamada,0,0.34,0,8,5,0.0,6.71
365,Ligue 1,Lille,Calvin Verdonk,0,0.08,0,0,3,0.0,6.71
366,Ligue 1,Stade Brestois,Bradley Locko,0,0.12,0,12,2,0.0,6.71
367,Ligue 1,Lille,Ayyoub Bouaddi,0,1.59,2,29,15,0.0,6.7
368,Ligue 1,Stade Rennais,Mikayil Faye,0,,0,0,0,0.0,6.7
369,Ligue 1,Nice,Billal Brahimi,0,,0,0,0,0.0,6.7
370,Ligue 1,RC Lens,Erawan Garnier,0,,0,0,0,0.0,6.7
371,Ligue 1,Le Havre,Paul Argney,0,,0,0,0,0.0,6.7
372,Ligue 1,Lille,Maxima Goffi,0,,0,1,0,0.0,6.7
373,Ligue 1,Angers,Bané Diatta,0,,0,0,0,0.0,6.7
374,Ligue 1,Toulouse,Abu Francis,0,0.13,0,3,6,0.0,6.7
375,Ligue 1,RC Lens,Jonathan Gradit,0,0.11,0,3,2,0.0,6.7
376,Ligue 1,Olympique Lyonnais,Nicolás Tagliafico,0,1.51,3,3,15,0.0,6.69
377,Ligue 1,Angers,Carlens Arcus,0,0.29,0,2,9,0.0,6.68
378,Ligue 1,Auxerre,Clement Akpa,0,0.21,0,11,6,0.0,6.68
379,Ligue 1,Lille,Alexsandro Ribeiro,0,0.37,0,2,7,0.0,6.68
380,Ligue 1,Olympique de Marseille,Conrad Jaden Egan-Riley,0,,0,1,0,0.0,6.67
381,Ligue 1,RC Lens,Anthony Bermont,0,0.21,1,2,4,0.0,6.67
382,Ligue 1,Stade Rennais,Djaoui Cissé,0,0.79,0,9,24,0.0,6.67
383,Ligue 1,Angers,Pierrick Capelle,0,0.61,1,3,7,0.0,6.67
384,Ligue 1,Lille,Tiago Santos,0,0.44,1,3,9,0.0,6.67
385,Ligue 1,Angers,Abdoulaye Bamba,0,0.02,0,0,1,0.0,6.67
386,Ligue 1,Lorient,Bamo Meïté,0,0.76,1,7,8,0.0,6.66
387,Ligue 1,Nantes,Francis Coquelin,0,0.15,0,5,6,0.0,6.66
388,Ligue 1,Auxerre,Lasso Coulibaly,0,0.24,0,15,4,0.0,6.66
389,Ligue 1,Angers,Florent Hanin,0,0.04,0,3,3,0.0,6.66
390,Ligue 1,Auxerre,Gabriel Osho,0,,0,0,0,0.0,6.65
391,Ligue 1,Stade Brestois,Radosław Majecki,0,,0,0,0,0.0,6.65
392,Ligue 1,Toulouse,Waren Kamanzi,0,0.61,0,12,10,0.0,6.65
393,Ligue 1,Olympique Lyonnais,Khalis Merah,0,0.82,3,9,5,0.0,6.64
394,Ligue 1,Metz,Morgan Bokele Mputu,0,0.34,0,3,3,0.0,6.64
395,Ligue 1,Nice,Dante,0,0.17,0,1,5,0.0,6.64
396,Ligue 1,Auxerre,Lamine Sy,0,1.04,1,10,12,0.0,6.64
397,Ligue 1,Paris FC,Tuomas Ollila,0,0.14,0,2,4,0.0,6.63
398,Ligue 1,Olympique de Marseille,Quinten Timber,0,1.0,1,16,10,0.0,6.63
399,Ligue 1,Auxerre,Assane Dioussé,0,0.12,0,1,4,0.0,6.63
400,Ligue 1,RC Strasbourg,Mathis Amougou,0,0.21,1,3,3,0.0,6.62
401,Ligue 1,RC Strasbourg,Rafael Luis,0,0.18,0,4,5,0.0,6.62
402,Ligue 1,Olympique de Marseille,Jeffrey De Lange,0,,0,0,0,0.0,6.62
403,Ligue 1,Le Havre,Daren Nbenbege Mosengo,0,,0,0,0,0.0,6.62
404,Ligue 1,Nantes,Yassine Benhattab,0,0.15,0,8,4,0.0,6.62
405,Ligue 1,Nantes,Kelvin Amian,0,0.39,0,5,10,0.0,6.61
406,Ligue 1,Stade Rennais,Mahamadou Nagida,0,0.54,1,10,12,0.0,6.61
407,Ligue 1,Olympique Lyonnais,Orel Mangala,0,0.21,0,5,4,0.0,6.61
408,Ligue 1,Nantes,Nicolas Cozza,0,1.93,2,8,12,0.0,6.61
409,Ligue 1,RC Strasbourg,Ben Chilwell,0,0.32,1,10,5,0.0,6.61
410,Ligue 1,Le Havre,Timothee Pembele,0,0.39,1,5,4,0.0,6.61
411,Ligue 1,RC Strasbourg,Ismael Doukouré,0,0.43,2,9,7,0.0,6.6
412,Ligue 1,Paris FC,Hamari Traoré,0,0.18,1,0,4,0.0,6.6
413,Ligue 1,RC Strasbourg,Tyrese Noubissie,0,,0,0,0,0.0,6.6
414,Ligue 1,Nice,Moise Bombito,0,,0,0,0,0.0,6.6
415,Ligue 1,Nice,Djibril Coulibaly,0,,0,0,0,0.0,6.6
416,Ligue 1,Auxerre,Tidiane Devernois,0,,0,0,0,0.0,6.6
417,Ligue 1,RC Strasbourg,Aarón Anselmino,0,,0,0,0,0.0,6.6
418,Ligue 1,Stade Rennais,Glen Kamara,0,,0,0,0,0.0,6.6
419,Ligue 1,AS Monaco,Pape Cabral,0,0.53,1,1,3,0.0,6.6
420,Ligue 1,Nantes,Hong Hyun-seok,0,0.47,1,2,4,0.0,6.6
421,Ligue 1,Metz,Malick Mbaye,0,0.13,0,3,2,0.0,6.6
422,Ligue 1,Toulouse,Ilyas Azizi,0,0.09,0,1,1,0.0,6.6
423,Ligue 1,Nice,Badredine Bouanani,0,0.07,0,1,1,0.0,6.6
424,Ligue 1,Stade Rennais,Ibrahim Salah,0,0.02,0,0,1,0.0,6.6
425,Ligue 1,Angers,Justin-Noel Kalumba,0,0.02,0,4,1,0.0,6.6
426,Ligue 1,Paris FC,Nhoa Sangui,0,0.26,1,10,4,0.0,6.6
427,Ligue 1,Nantes,Deiver Machado,0,0.78,1,7,13,0.0,6.59
428,Ligue 1,Stade Brestois,Hamidou Makalou,0,0.03,0,4,2,0.0,6.59
429,Ligue 1,Le Havre,Younes Namli,0,0.15,0,5,4,0.0,6.59
430,Ligue 1,RC Strasbourg,Félix Lemaréchal,0,0.89,1,12,10,0.0,6.59
431,Ligue 1,Le Havre,Enzo Koffi,0,0.14,0,8,4,0.0,6.59
432,Ligue 1,Angers,Marius Courcoul,0,0.07,0,1,2,0.0,6.59
433,Ligue 1,Nantes,Ibrahima Sissoko,0,0.21,0,7,6,0.0,6.58
434,Ligue 1,Lorient,Nathaniel Adjei,0,0.38,1,1,4,0.0,6.58
435,Ligue 1,Olympique de Marseille,Bilal Nadir,0,0.49,0,4,7,0.0,6.58
436,Ligue 1,Angers,Marius Louer,0,,0,4,0,0.0,6.58
437,Ligue 1,Paris FC,Mathieu Cafaro,0,0.4,0,1,7,0.0,6.58
438,Ligue 1,Metz,Brian Madjo,0,0.35,0,0,3,0.0,6.58
439,Ligue 1,Stade Brestois,Soumaila Coulibaly,0,0.35,0,3,6,0.0,6.58
440,Ligue 1,AS Monaco,Kassoum Ouattara,0,0.92,1,9,12,0.0,6.57
441,Ligue 1,Metz,Cheick Tidiane Sabaly,0,1.62,4,14,8,0.0,6.57
442,Ligue 1,Auxerre,Ibrahim Osman,0,1.86,5,6,18,0.0,6.57
443,Ligue 1,Lorient,Joel Mugisha Mvuka,0,0.52,1,6,8,0.0,6.57
444,Ligue 1,Lorient,Abdoulaye Faye,0,0.59,1,7,8,0.0,6.57
445,Ligue 1,Metz,Believe Munongo,0,0.22,0,3,4,0.0,6.56
446,Ligue 1,Angers,Jacques Ekomié,0,1.02,4,13,10,0.0,6.56
447,Ligue 1,Lille,Noah Edjouma,0,0.77,0,10,10,0.0,6.55
448,Ligue 1,Olympique de Marseille,Tochukwu Nnadi,0,0.23,0,2,2,0.0,6.55
449,Ligue 1,Auxerre,Theo Bair,0,,0,0,0,0.0,6.55
450,Ligue 1,Angers,Oumar Pona,0,,0,0,0,0.0,6.55
451,Ligue 1,Stade Brestois,Serigne Diop,0,0.13,0,1,1,0.0,6.55
452,Ligue 1,Nice,Morgan Sanson,0,2.37,5,23,16,0.0,6.55
453,Ligue 1,Lorient,Darlin Yongwa,0,0.47,1,13,10,0.0,6.55
454,Ligue 1,Auxerre,Fredrik Oppegård,0,0.5,0,9,10,0.0,6.55
455,Ligue 1,RC Lens,Nidal Čelik,0,0.03,0,1,1,0.0,6.54
456,Ligue 1,Nantes,Uroš Radaković,0,,0,0,0,0.0,6.54
457,Ligue 1,Nice,Bernard Nguene,0,0.21,0,1,3,0.0,6.53
458,Ligue 1,Olympique Lyonnais,Adil Hamdani,0,0.06,0,1,2,0.0,6.53
459,Ligue 1,Stade Brestois,Luc Zogbé,0,0.04,0,2,3,0.0,6.53
460,Ligue 1,Metz,Bouna Sarr,0,1.52,3,10,12,0.0,6.52
461,Ligue 1,Nantes,Amady Camara,0,0.43,1,1,6,0.0,6.51
462,Ligue 1,Metz,Alpha Touré,0,1.06,1,15,16,0.0,6.51
463,Ligue 1,Olympique de Marseille,Arthur Vermeeren,0,0.19,1,5,3,0.0,6.5
464,Ligue 1,Paris Saint-Germain,Noah Nsoki,0,,0,0,0,0.0,6.5
465,Ligue 1,Paris Saint-Germain,Mathis Jangeal,0,,0,0,0,0.0,6.5
466,Ligue 1,Lille,Ugo Raghouber,0,,0,0,0,0.0,6.5
467,Ligue 1,RC Strasbourg,Amadou Cissé,0,,0,1,0,0.0,6.5
468,Ligue 1,Toulouse,Mathis Saka,0,,0,0,0,0.0,6.5
469,Ligue 1,Nice,Zoumana Diallo,0,,0,0,0,0.0,6.5
470,Ligue 1,Paris FC,Mohamed Benoit-Dao,0,,0,0,0,0.0,6.5
471,Ligue 1,Nice,Maxime Dupé,0,,0,0,0,0.0,6.5
472,Ligue 1,Stade Rennais,Yassir Zabiri,0,0.73,1,2,4,0.0,6.5
473,Ligue 1,Metz,Idrissa Gueye,0,0.1,0,0,2,0.0,6.5
474,Ligue 1,Olympique de Marseille,Darryl Bakola,0,0.08,0,1,3,0.0,6.5
475,Ligue 1,Olympique de Marseille,Adrien Rabiot,0,0.04,0,0,1,0.0,6.5
476,Ligue 1,Nice,Salis Abdul Samed,0,0.03,0,2,1,0.0,6.5
477,Ligue 1,Metz,Maxime Colin,0,0.4,1,6,7,0.0,6.49
478,Ligue 1,Nice,Tiago Gouveia,0,0.85,1,7,12,0.0,6.49
479,Ligue 1,Paris FC,Timothée Kolodziejczak,0,0.12,0,1,1,0.0,6.48
480,Ligue 1,Metz,Fodé Ballo-Touré,0,0.22,0,13,5,0.0,6.48
481,Ligue 1,Paris FC,Julien López,0,,0,0,0,0.0,6.48
482,Ligue 1,Olympique Lyonnais,Rachid Ghezzal,0,0.29,1,1,4,0.0,6.48
483,Ligue 1,Nantes,Bahmed Deuff,0,0.21,0,2,7,0.0,6.47
484,Ligue 1,Metz,Ismaël Guerti,0,,0,1,0,0.0,6.47
485,Ligue 1,RC Lens,Florian Sotoca,0,0.6,0,1,12,0.0,6.46
486,Ligue 1,Paris FC,Thibault De Smet,0,0.19,0,3,4,0.0,6.45
487,Ligue 1,Le Havre,Damián Pizarro,0,,0,0,0,0.0,6.45
488,Ligue 1,Auxerre,Ryan Rodin,0,,0,0,0,0.0,6.43
489,Ligue 1,Paris FC,Obed Nkambadio,0,,0,0,0,0.0,6.43
490,Ligue 1,Auxerre,Telli Siwe,0,0.02,0,1,1,0.0,6.43
491,Ligue 1,Stade Rennais,Elias Legendre Quiñonez Zae,0,0.15,1,1,1,0.0,6.43
492,Ligue 1,RC Strasbourg,David Datro Fofana,0,0.96,3,2,3,0.0,6.42
493,Ligue 1,Nantes,Tylel Tati,0,0.27,1,8,3,0.0,6.42
494,Ligue 1,Metz,Terry Yegbe,0,0.76,2,1,5,0.0,6.41
495,Ligue 1,Olympique Lyonnais,Ernest Nuamah,0,,0,0,0,0.0,6.4
496,Ligue 1,Stade Brestois,Axel Camblan,0,,0,0,0,0.0,6.4
497,Ligue 1,Metz,Joseph N'Duquidi,0,,0,0,0,0.0,6.4
498,Ligue 1,Lorient,Daniel Semedo,0,,0,0,0,0.0,6.4
499,Ligue 1,Olympique de Marseille,Pol Lirola,0,,0,0,0,0.0,6.4
500,Ligue 1,Angers,Dan Sinaté,0,0.12,0,2,1,0.0,6.4
501,Ligue 1,AS Monaco,Eliesse Ben Seghir,0,0.06,0,1,1,0.0,6.4
502,Ligue 1,Olympique de Marseille,Nouhoum Kamissoko,0,0.04,0,0,1,0.0,6.4
503,Ligue 1,Olympique Lyonnais,Saël Kumbedi,0,0.01,0,0,1,0.0,6.4
504,Ligue 1,Stade Rennais,Fabian Rieder,0,0.01,0,0,1,0.0,6.4
505,Ligue 1,Nantes,Mathieu Acapandié,0,,0,2,0,0.0,6.38
506,Ligue 1,Nice,Kevin Carlos Omoruyi,0,1.84,8,2,22,0.0,6.37
507,Ligue 1,Metz,Joel Asoro,0,0.72,1,1,4,0.0,6.34
508,Ligue 1,Metz,Lucas Michal,0,0.77,1,3,8,0.0,6.34
509,Ligue 1,AS Monaco,Paris Brunner,0,0.13,0,1,2,0.0,6.34
510,Ligue 1,Angers,Emmanuel Biumla,0,0.02,0,0,1,0.0,6.33
511,Ligue 1,Olympique Lyonnais,Enzo Molebe,0,,0,0,0,0.0,6.3
512,Ligue 1,Olympique Lyonnais,Noham Kamara,0,,0,0,0,0.0,6.3
513,Ligue 1,Olympique de Marseille,Ugo Lamare El Kadmiri,0,0.26,1,0,1,0.0,6.3
514,Ligue 1,Olympique de Marseille,Jonathan Rowe,0,0.24,1,0,5,0.0,6.3
515,Ligue 1,Olympique de Marseille,Tadjidine Mmadi,0,0.06,0,1,2,0.0,6.3
516,Ligue 1,RC Strasbourg,Rabby Nzingoula,0,0.03,0,1,1,0.0,6.28
517,Ligue 1,Paris FC,Pierre-Yves Hamel,0,,0,0,0,0.0,6.25
518,Ligue 1,Olympique de Marseille,Ulisses Garcia,0,0.08,0,1,2,0.0,6.25
519,Ligue 1,Olympique Lyonnais,Hans Hateboer,0,0.64,1,0,6,0.0,6.23
520,Ligue 1,Lille,Vincent Burlet,0,,0,0,0,0.0,6.2
521,Ligue 1,Toulouse,Kjetil Haug,0,,0,0,0,0.0,6.2
522,Ligue 1,Nice,Youssouf Ndayishimiye,0,,0,0,0,0.0,6.2
523,Ligue 1,Lorient,Bingourou Kamara,0,,0,0,0,0.0,6.2
524,Ligue 1,Lille,Ousmane Touré,0,,0,0,0,0.0,6.1
525,Ligue 1,Nice,Everton Pereira,0,0.16,0,0,2,0.0,6.1
526,Ligue 1,Stade Brestois,Justin Bourgault,0,0.04,0,1,1,0.0,6.1
527,Ligue 1,RC Strasbourg,Yaya Diémé,0,0.04,0,0,1,0.0,6.1
528,Ligue 1,RC Strasbourg,Idrissa Sabaly,0,0.03,0,1,1,0.0,6.1
529,Ligue 1,RC Lens,Arthur Masuaku,0,0.03,0,1,1,0.0,6.1
530,Ligue 1,Stade Brestois,Raphaël Le Guen,0,0.11,0,1,2,0.0,6.07
531,Ligue 1,Nantes,Abakar Sylla,0,0.28,1,0,2,0.0,6.05
532,Ligue 1,Stade Rennais,Mathys Silistrie,0,,0,0,0,0.0,5.7
533,Ligue 1,Paris Saint-Germain,Pierre Mounguengue,0,0.41,1,0,2,0.0,5.7
534,Ligue 1,Metz,Cléo Mélières,0,,0,0,0,0.0,5.6
535,Ligue 1,Stade Rennais,Christopher Wooh,0,,0,1,0,0.0,5.0
536,Ligue 1,Olympique de Marseille,Neal Maupay,0,,0,0,0,0.0,0.0
537,Ligue 1,Stade Rennais,Bertuğ Yıldırım,0,,0,0,0,0.0,0.0
538,Ligue 1,Nice,Hamza Koutoune,0,,0,0,0,0.0,0.0
539,Ligue 1,Lorient,Martin Bley,0,,0,0,0,0.0,0.0
540,Ligue 1,AS Monaco,Samuel Nibombe,0,,0,0,0,0.0,0.0
541,Ligue 1,Auxerre,Yvan Zaddy,0,,0,0,0,0.0,0.0
542,Ligue 1,Stade Rennais,Henrick Do Marcolino,0,,0,0,0,0.0,0.0
543,Ligue 1,Stade Rennais,Lucas Rosier,0,,0,0,0,0.0,0.0
544,Ligue 1,Auxerre,Mamoudou Cissokho,0,,0,0,0,0.0,0.0
